Area,Crop,Year,Measurement,Unit,Value
United Kingdom,Wheat,1270,Yield,kg/ha,521.734429
United Kingdom,Wheat,1271,Yield,kg/ha,470.964263
United Kingdom,Wheat,1272,Yield,kg/ha,684.571094
United Kingdom,Wheat,1273,Yield,kg/ha,482.707332
United Kingdom,Wheat,1274,Yield,kg/ha,442.802072
United Kingdom,Wheat,1275,Yield,kg/ha,788.229498
United Kingdom,Wheat,1276,Yield,kg/ha,481.701551
United Kingdom,Wheat,1277,Yield,kg/ha,668.751621
United Kingdom,Wheat,1278,Yield,kg/ha,845.401378
United Kingdom,Wheat,1279,Yield,kg/ha,482.155455
United Kingdom,Wheat,1280,Yield,kg/ha,502.997902
United Kingdom,Wheat,1281,Yield,kg/ha,545.868682
United Kingdom,Wheat,1282,Yield,kg/ha,562.100662
United Kingdom,Wheat,1283,Yield,kg/ha,388.02851
United Kingdom,Wheat,1284,Yield,kg/ha,529.111692
United Kingdom,Wheat,1285,Yield,kg/ha,543.643882
United Kingdom,Wheat,1286,Yield,kg/ha,536.57936
United Kingdom,Wheat,1287,Yield,kg/ha,723.960362
United Kingdom,Wheat,1288,Yield,kg/ha,654.141489
United Kingdom,Wheat,1289,Yield,kg/ha,488.810365
United Kingdom,Wheat,1290,Yield,kg/ha,468.928597
United Kingdom,Wheat,1291,Yield,kg/ha,537.044461
United Kingdom,Wheat,1292,Yield,kg/ha,533.799575
United Kingdom,Wheat,1293,Yield,kg/ha,491.586608
United Kingdom,Wheat,1294,Yield,kg/ha,473.860424
United Kingdom,Wheat,1295,Yield,kg/ha,583.152725
United Kingdom,Wheat,1296,Yield,kg/ha,650.558522
United Kingdom,Wheat,1297,Yield,kg/ha,611.879826
United Kingdom,Wheat,1298,Yield,kg/ha,728.962065
United Kingdom,Wheat,1299,Yield,kg/ha,573.433077
United Kingdom,Wheat,1300,Yield,kg/ha,521.054533
United Kingdom,Wheat,1301,Yield,kg/ha,584.638957
United Kingdom,Wheat,1302,Yield,kg/ha,541.599027
United Kingdom,Wheat,1303,Yield,kg/ha,639.209662
United Kingdom,Wheat,1304,Yield,kg/ha,388.523076
United Kingdom,Wheat,1305,Yield,kg/ha,551.570655
United Kingdom,Wheat,1306,Yield,kg/ha,547.589435
United Kingdom,Wheat,1307,Yield,kg/ha,555.126449
United Kingdom,Wheat,1308,Yield,kg/ha,517.865698
United Kingdom,Wheat,1309,Yield,kg/ha,613.831393
United Kingdom,Wheat,1310,Yield,kg/ha,456.223602
United Kingdom,Wheat,1311,Yield,kg/ha,650.764108
United Kingdom,Wheat,1312,Yield,kg/ha,588.226742
United Kingdom,Wheat,1313,Yield,kg/ha,644.213051
United Kingdom,Wheat,1314,Yield,kg/ha,589.922164
United Kingdom,Wheat,1315,Yield,kg/ha,326.539391
United Kingdom,Wheat,1316,Yield,kg/ha,262.949049
United Kingdom,Wheat,1317,Yield,kg/ha,436.382222
United Kingdom,Wheat,1318,Yield,kg/ha,714.523202
United Kingdom,Wheat,1319,Yield,kg/ha,675.861796
United Kingdom,Wheat,1320,Yield,kg/ha,623.717063
United Kingdom,Wheat,1321,Yield,kg/ha,383.592834
United Kingdom,Wheat,1322,Yield,kg/ha,459.757396
United Kingdom,Wheat,1323,Yield,kg/ha,484.958824
United Kingdom,Wheat,1324,Yield,kg/ha,431.86537
United Kingdom,Wheat,1325,Yield,kg/ha,676.608628
United Kingdom,Wheat,1326,Yield,kg/ha,718.331682
United Kingdom,Wheat,1327,Yield,kg/ha,572.940069
United Kingdom,Wheat,1328,Yield,kg/ha,448.838651
United Kingdom,Wheat,1329,Yield,kg/ha,547.939897
United Kingdom,Wheat,1330,Yield,kg/ha,560.781235
United Kingdom,Wheat,1331,Yield,kg/ha,501.283603
United Kingdom,Wheat,1332,Yield,kg/ha,600.784784
United Kingdom,Wheat,1333,Yield,kg/ha,725.848084
United Kingdom,Wheat,1334,Yield,kg/ha,626.650493
United Kingdom,Wheat,1335,Yield,kg/ha,509.442636
United Kingdom,Wheat,1336,Yield,kg/ha,545.664905
United Kingdom,Wheat,1337,Yield,kg/ha,673.12174
United Kingdom,Wheat,1338,Yield,kg/ha,638.280865
United Kingdom,Wheat,1339,Yield,kg/ha,258.104657
United Kingdom,Wheat,1340,Yield,kg/ha,574.169969
United Kingdom,Wheat,1341,Yield,kg/ha,421.385471
United Kingdom,Wheat,1342,Yield,kg/ha,530.075706
United Kingdom,Wheat,1343,Yield,kg/ha,433.375174
United Kingdom,Wheat,1344,Yield,kg/ha,623.508842
United Kingdom,Wheat,1345,Yield,kg/ha,569.905696
United Kingdom,Wheat,1346,Yield,kg/ha,382.274188
United Kingdom,Wheat,1347,Yield,kg/ha,422.621441
United Kingdom,Wheat,1348,Yield,kg/ha,487.378362
United Kingdom,Wheat,1349,Yield,kg/ha,244.295512
United Kingdom,Wheat,1350,Yield,kg/ha,303.677229
United Kingdom,Wheat,1351,Yield,kg/ha,376.412053
United Kingdom,Wheat,1352,Yield,kg/ha,637.847447
United Kingdom,Wheat,1353,Yield,kg/ha,429.931172
United Kingdom,Wheat,1354,Yield,kg/ha,391.928408
United Kingdom,Wheat,1355,Yield,kg/ha,502.501591
United Kingdom,Wheat,1356,Yield,kg/ha,395.136588
United Kingdom,Wheat,1357,Yield,kg/ha,410.423124
United Kingdom,Wheat,1358,Yield,kg/ha,504.279935
United Kingdom,Wheat,1359,Yield,kg/ha,470.961915
United Kingdom,Wheat,1360,Yield,kg/ha,476.528743
United Kingdom,Wheat,1361,Yield,kg/ha,471.495159
United Kingdom,Wheat,1362,Yield,kg/ha,400.999675
United Kingdom,Wheat,1363,Yield,kg/ha,291.623976
United Kingdom,Wheat,1364,Yield,kg/ha,588.347217
United Kingdom,Wheat,1365,Yield,kg/ha,485.264445
United Kingdom,Wheat,1366,Yield,kg/ha,598.627295
United Kingdom,Wheat,1367,Yield,kg/ha,363.0287
United Kingdom,Wheat,1368,Yield,kg/ha,499.114444
United Kingdom,Wheat,1369,Yield,kg/ha,324.883673
United Kingdom,Wheat,1370,Yield,kg/ha,481.323015
United Kingdom,Wheat,1371,Yield,kg/ha,471.165051
United Kingdom,Wheat,1372,Yield,kg/ha,307.731889
United Kingdom,Wheat,1373,Yield,kg/ha,531.925866
United Kingdom,Wheat,1374,Yield,kg/ha,380.417563
United Kingdom,Wheat,1375,Yield,kg/ha,304.892475
United Kingdom,Wheat,1376,Yield,kg/ha,636.975049
United Kingdom,Wheat,1377,Yield,kg/ha,655.702186
United Kingdom,Wheat,1378,Yield,kg/ha,563.67625
United Kingdom,Wheat,1379,Yield,kg/ha,386.32808
United Kingdom,Wheat,1380,Yield,kg/ha,455.276538
United Kingdom,Wheat,1381,Yield,kg/ha,525.380328
United Kingdom,Wheat,1382,Yield,kg/ha,585.786507
United Kingdom,Wheat,1383,Yield,kg/ha,507.414123
United Kingdom,Wheat,1384,Yield,kg/ha,709.107018
United Kingdom,Wheat,1385,Yield,kg/ha,483.540241
United Kingdom,Wheat,1386,Yield,kg/ha,672.9333
United Kingdom,Wheat,1387,Yield,kg/ha,701.40502
United Kingdom,Wheat,1388,Yield,kg/ha,437.910027
United Kingdom,Wheat,1389,Yield,kg/ha,526.92997
United Kingdom,Wheat,1390,Yield,kg/ha,273.087308
United Kingdom,Wheat,1391,Yield,kg/ha,566.504767
United Kingdom,Wheat,1392,Yield,kg/ha,879.25151
United Kingdom,Wheat,1393,Yield,kg/ha,387.313691
United Kingdom,Wheat,1394,Yield,kg/ha,730.47247
United Kingdom,Wheat,1395,Yield,kg/ha,485.436409
United Kingdom,Wheat,1396,Yield,kg/ha,475.043713
United Kingdom,Wheat,1397,Yield,kg/ha,494.478506
United Kingdom,Wheat,1398,Yield,kg/ha,602.261482
United Kingdom,Wheat,1399,Yield,kg/ha,441.856476
United Kingdom,Wheat,1400,Yield,kg/ha,323.148159
United Kingdom,Wheat,1401,Yield,kg/ha,339.2705
United Kingdom,Wheat,1402,Yield,kg/ha,378.94435
United Kingdom,Wheat,1403,Yield,kg/ha,526.647905
United Kingdom,Wheat,1404,Yield,kg/ha,566.717981
United Kingdom,Wheat,1405,Yield,kg/ha,623.750299
United Kingdom,Wheat,1406,Yield,kg/ha,399.392874
United Kingdom,Wheat,1407,Yield,kg/ha,512.416586
United Kingdom,Wheat,1408,Yield,kg/ha,366.285973
United Kingdom,Wheat,1409,Yield,kg/ha,412.557818
United Kingdom,Wheat,1410,Yield,kg/ha,561.946312
United Kingdom,Wheat,1411,Yield,kg/ha,496.790872
United Kingdom,Wheat,1412,Yield,kg/ha,398.802209
United Kingdom,Wheat,1413,Yield,kg/ha,355.735668
United Kingdom,Wheat,1414,Yield,kg/ha,415.876607
United Kingdom,Wheat,1415,Yield,kg/ha,386.404866
United Kingdom,Wheat,1416,Yield,kg/ha,287.967553
United Kingdom,Wheat,1417,Yield,kg/ha,552.004079
United Kingdom,Wheat,1418,Yield,kg/ha,326.881889
United Kingdom,Wheat,1419,Yield,kg/ha,374.509838
United Kingdom,Wheat,1420,Yield,kg/ha,367.091657
United Kingdom,Wheat,1421,Yield,kg/ha,201.597716
United Kingdom,Wheat,1422,Yield,kg/ha,301.425997
United Kingdom,Wheat,1423,Yield,kg/ha,415.867485
United Kingdom,Wheat,1424,Yield,kg/ha,512.565198
United Kingdom,Wheat,1425,Yield,kg/ha,421.185317
United Kingdom,Wheat,1426,Yield,kg/ha,438.602885
United Kingdom,Wheat,1427,Yield,kg/ha,344.317315
United Kingdom,Wheat,1428,Yield,kg/ha,165.537216
United Kingdom,Wheat,1429,Yield,kg/ha,292.770534
United Kingdom,Wheat,1430,Yield,kg/ha,387.508156
United Kingdom,Wheat,1431,Yield,kg/ha,319.30256
United Kingdom,Wheat,1432,Yield,kg/ha,274.970167
United Kingdom,Wheat,1433,Yield,kg/ha,296.976794
United Kingdom,Wheat,1434,Yield,kg/ha,333.326939
United Kingdom,Wheat,1435,Yield,kg/ha,245.789036
United Kingdom,Wheat,1436,Yield,kg/ha,343.274066
United Kingdom,Wheat,1437,Yield,kg/ha,193.606163
United Kingdom,Wheat,1438,Yield,kg/ha,155.99726
United Kingdom,Wheat,1439,Yield,kg/ha,237.170969
United Kingdom,Wheat,1440,Yield,kg/ha,377.511879
United Kingdom,Wheat,1441,Yield,kg/ha,198.260276
United Kingdom,Wheat,1442,Yield,kg/ha,188.4419
United Kingdom,Wheat,1443,Yield,kg/ha,486.562005
United Kingdom,Wheat,1444,Yield,kg/ha,662.31346
United Kingdom,Wheat,1445,Yield,kg/ha,254.685446
United Kingdom,Wheat,1446,Yield,kg/ha,278.260673
United Kingdom,Wheat,1447,Yield,kg/ha,534.246385
United Kingdom,Wheat,1448,Yield,kg/ha,272.967498
United Kingdom,Wheat,1449,Yield,kg/ha,320.523413
United Kingdom,Wheat,1450,Yield,kg/ha,287.39676
United Kingdom,Wheat,1451,Yield,kg/ha,342.978074
United Kingdom,Wheat,1452,Yield,kg/ha,357.545732
United Kingdom,Wheat,1453,Yield,kg/ha,372.113391
United Kingdom,Wheat,1454,Yield,kg/ha,437.632493
United Kingdom,Wheat,1455,Yield,kg/ha,425.940036
United Kingdom,Wheat,1456,Yield,kg/ha,414.247579
United Kingdom,Wheat,1457,Yield,kg/ha,191.02589
United Kingdom,Wheat,1458,Yield,kg/ha,339.392163
United Kingdom,Wheat,1459,Yield,kg/ha,331.323891
United Kingdom,Wheat,1460,Yield,kg/ha,323.255619
United Kingdom,Wheat,1461,Yield,kg/ha,288.741454
United Kingdom,Wheat,1462,Yield,kg/ha,573.371477
United Kingdom,Wheat,1463,Yield,kg/ha,693.947029
United Kingdom,Wheat,1464,Yield,kg/ha,569.337263
United Kingdom,Wheat,1465,Yield,kg/ha,426.574024
United Kingdom,Wheat,1466,Yield,kg/ha,283.810784
United Kingdom,Wheat,1467,Yield,kg/ha,417.833413
United Kingdom,Wheat,1468,Yield,kg/ha,430.832307
United Kingdom,Wheat,1469,Yield,kg/ha,534.374841
United Kingdom,Wheat,1470,Yield,kg/ha,394.525144
United Kingdom,Wheat,1471,Yield,kg/ha,246.158919
United Kingdom,Wheat,1472,Yield,kg/ha,190.80178
United Kingdom,Wheat,1473,Yield,kg/ha,395.421637
United Kingdom,Wheat,1474,Yield,kg/ha,310.256737
United Kingdom,Wheat,1475,Yield,kg/ha,385.560501
United Kingdom,Wheat,1476,Yield,kg/ha,161.442337
United Kingdom,Wheat,1477,Yield,kg/ha,163.235277
United Kingdom,Wheat,1478,Yield,kg/ha,345.219152
United Kingdom,Wheat,1479,Yield,kg/ha,405.731035
United Kingdom,Wheat,1480,Yield,kg/ha,623.573918
United Kingdom,Wheat,1481,Yield,kg/ha,420.298776
United Kingdom,Wheat,1482,Yield,kg/ha,235.401319
United Kingdom,Wheat,1483,Yield,kg/ha,294.120232
United Kingdom,Wheat,1484,Yield,kg/ha,318.773213
United Kingdom,Wheat,1485,Yield,kg/ha,259.157785
United Kingdom,Wheat,1486,Yield,kg/ha,516.445514
United Kingdom,Wheat,1487,Yield,kg/ha,397.214632
United Kingdom,Wheat,1488,Yield,kg/ha,414.4717
United Kingdom,Wheat,1489,Yield,kg/ha,431.728768
United Kingdom,Wheat,1490,Yield,kg/ha,323.703819
United Kingdom,Wheat,1491,Yield,kg/ha,424.557009
United Kingdom,Wheat,1492,Yield,kg/ha,421.867517
United Kingdom,Wheat,1493,Yield,kg/ha,421.867517
United Kingdom,Wheat,1494,Yield,kg/ha,NA
United Kingdom,Wheat,1495,Yield,kg/ha,NA
United Kingdom,Wheat,1549,Yield,kg/ha,NA
United Kingdom,Wheat,1550,Yield,kg/ha,NA
United Kingdom,Wheat,1551,Yield,kg/ha,569.41554
United Kingdom,Wheat,1552,Yield,kg/ha,340.454343
United Kingdom,Wheat,1553,Yield,kg/ha,935.49831
United Kingdom,Wheat,1554,Yield,kg/ha,757.114922
United Kingdom,Wheat,1555,Yield,kg/ha,681.703282
United Kingdom,Wheat,1556,Yield,kg/ha,396.259605
United Kingdom,Wheat,1557,Yield,kg/ha,613.597272
United Kingdom,Wheat,1558,Yield,kg/ha,1103.929923
United Kingdom,Wheat,1559,Yield,kg/ha,893.401306
United Kingdom,Wheat,1560,Yield,kg/ha,553.511365
United Kingdom,Wheat,1561,Yield,kg/ha,656.225473
United Kingdom,Wheat,1562,Yield,kg/ha,724.286593
United Kingdom,Wheat,1563,Yield,kg/ha,1167.804889
United Kingdom,Wheat,1564,Yield,kg/ha,776.463982
United Kingdom,Wheat,1565,Yield,kg/ha,898.184535
United Kingdom,Wheat,1566,Yield,kg/ha,1042.693148
United Kingdom,Wheat,1567,Yield,kg/ha,1078.267189
United Kingdom,Wheat,1568,Yield,kg/ha,938.140785
United Kingdom,Wheat,1569,Yield,kg/ha,971.025549
United Kingdom,Wheat,1570,Yield,kg/ha,735.462014
United Kingdom,Wheat,1571,Yield,kg/ha,544.705009
United Kingdom,Wheat,1572,Yield,kg/ha,404.137774
United Kingdom,Wheat,1573,Yield,kg/ha,793.106537
United Kingdom,Wheat,1574,Yield,kg/ha,359.431556
United Kingdom,Wheat,1575,Yield,kg/ha,742.62809
United Kingdom,Wheat,1576,Yield,kg/ha,981.855638
United Kingdom,Wheat,1577,Yield,kg/ha,289.939045
United Kingdom,Wheat,1578,Yield,kg/ha,820.351073
United Kingdom,Wheat,1579,Yield,kg/ha,913.773273
United Kingdom,Wheat,1580,Yield,kg/ha,672.841064
United Kingdom,Wheat,1581,Yield,kg/ha,631.65121
United Kingdom,Wheat,1582,Yield,kg/ha,573.180317
United Kingdom,Wheat,1583,Yield,kg/ha,889.201338
United Kingdom,Wheat,1584,Yield,kg/ha,1015.194249
United Kingdom,Wheat,1585,Yield,kg/ha,564.295409
United Kingdom,Wheat,1586,Yield,kg/ha,363.225669
United Kingdom,Wheat,1587,Yield,kg/ha,785.717321
United Kingdom,Wheat,1588,Yield,kg/ha,1005.142166
United Kingdom,Wheat,1589,Yield,kg/ha,647.933189
United Kingdom,Wheat,1590,Yield,kg/ha,877.423844
United Kingdom,Wheat,1591,Yield,kg/ha,648.023829
United Kingdom,Wheat,1592,Yield,kg/ha,686.822631
United Kingdom,Wheat,1593,Yield,kg/ha,788.962065
United Kingdom,Wheat,1594,Yield,kg/ha,313.106032
United Kingdom,Wheat,1595,Yield,kg/ha,466.470868
United Kingdom,Wheat,1596,Yield,kg/ha,313.106032
United Kingdom,Wheat,1597,Yield,kg/ha,291.687021
United Kingdom,Wheat,1598,Yield,kg/ha,449.030976
United Kingdom,Wheat,1599,Yield,kg/ha,754.921464
United Kingdom,Wheat,1600,Yield,kg/ha,806.011969
United Kingdom,Wheat,1601,Yield,kg/ha,615.91803
United Kingdom,Wheat,1602,Yield,kg/ha,868.796484
United Kingdom,Wheat,1603,Yield,kg/ha,927.908661
United Kingdom,Wheat,1604,Yield,kg/ha,841.008035
United Kingdom,Wheat,1605,Yield,kg/ha,756.78058
United Kingdom,Wheat,1606,Yield,kg/ha,847.093261
United Kingdom,Wheat,1607,Yield,kg/ha,605.135521
United Kingdom,Wheat,1608,Yield,kg/ha,539.811305
United Kingdom,Wheat,1609,Yield,kg/ha,931.263067
United Kingdom,Wheat,1610,Yield,kg/ha,1334.845655
United Kingdom,Wheat,1611,Yield,kg/ha,784.280462
United Kingdom,Wheat,1612,Yield,kg/ha,1206.581815
United Kingdom,Wheat,1613,Yield,kg/ha,861.105741
United Kingdom,Wheat,1614,Yield,kg/ha,752.212703
United Kingdom,Wheat,1615,Yield,kg/ha,932.623789
United Kingdom,Wheat,1616,Yield,kg/ha,622.562049
United Kingdom,Wheat,1617,Yield,kg/ha,959.659542
United Kingdom,Wheat,1618,Yield,kg/ha,885.068323
United Kingdom,Wheat,1619,Yield,kg/ha,690.242353
United Kingdom,Wheat,1620,Yield,kg/ha,1436.434992
United Kingdom,Wheat,1621,Yield,kg/ha,896.747991
United Kingdom,Wheat,1622,Yield,kg/ha,639.40703
United Kingdom,Wheat,1623,Yield,kg/ha,640.586398
United Kingdom,Wheat,1624,Yield,kg/ha,1011.86018
United Kingdom,Wheat,1625,Yield,kg/ha,1052.211933
United Kingdom,Wheat,1626,Yield,kg/ha,963.760425
United Kingdom,Wheat,1627,Yield,kg/ha,1002.368723
United Kingdom,Wheat,1628,Yield,kg/ha,1597.010595
United Kingdom,Wheat,1629,Yield,kg/ha,713.16729
United Kingdom,Wheat,1630,Yield,kg/ha,707.737904
United Kingdom,Wheat,1631,Yield,kg/ha,705.820326
United Kingdom,Wheat,1632,Yield,kg/ha,1143.396083
United Kingdom,Wheat,1633,Yield,kg/ha,762.684411
United Kingdom,Wheat,1634,Yield,kg/ha,1019.957772
United Kingdom,Wheat,1635,Yield,kg/ha,1241.791872
United Kingdom,Wheat,1636,Yield,kg/ha,1025.500492
United Kingdom,Wheat,1637,Yield,kg/ha,1198.509061
United Kingdom,Wheat,1638,Yield,kg/ha,1225.249311
United Kingdom,Wheat,1639,Yield,kg/ha,1206.722062
United Kingdom,Wheat,1640,Yield,kg/ha,1331.982617
United Kingdom,Wheat,1641,Yield,kg/ha,769.143813
United Kingdom,Wheat,1642,Yield,kg/ha,903.343584
United Kingdom,Wheat,1643,Yield,kg/ha,751.006767
United Kingdom,Wheat,1644,Yield,kg/ha,983.363308
United Kingdom,Wheat,1645,Yield,kg/ha,786.662079
United Kingdom,Wheat,1646,Yield,kg/ha,711.894827
United Kingdom,Wheat,1647,Yield,kg/ha,839.592188
United Kingdom,Wheat,1648,Yield,kg/ha,920.000387
United Kingdom,Wheat,1649,Yield,kg/ha,535.028131
United Kingdom,Wheat,1650,Yield,kg/ha,462.189858
United Kingdom,Wheat,1651,Yield,kg/ha,657.084412
United Kingdom,Wheat,1652,Yield,kg/ha,855.47038
United Kingdom,Wheat,1653,Yield,kg/ha,1171.289276
United Kingdom,Wheat,1654,Yield,kg/ha,1291.698481
United Kingdom,Wheat,1655,Yield,kg/ha,1417.722085
United Kingdom,Wheat,1656,Yield,kg/ha,1143.160596
United Kingdom,Wheat,1657,Yield,kg/ha,861.434388
United Kingdom,Wheat,1658,Yield,kg/ha,622.67141
United Kingdom,Wheat,1659,Yield,kg/ha,715.38772
United Kingdom,Wheat,1660,Yield,kg/ha,844.700228
United Kingdom,Wheat,1661,Yield,kg/ha,761.852729
United Kingdom,Wheat,1662,Yield,kg/ha,881.560703
United Kingdom,Wheat,1663,Yield,kg/ha,811.306125
United Kingdom,Wheat,1664,Yield,kg/ha,891.191099
United Kingdom,Wheat,1665,Yield,kg/ha,1007.942857
United Kingdom,Wheat,1666,Yield,kg/ha,1240.916955
United Kingdom,Wheat,1667,Yield,kg/ha,1351.327456
United Kingdom,Wheat,1668,Yield,kg/ha,802.395077
United Kingdom,Wheat,1669,Yield,kg/ha,1074.915005
United Kingdom,Wheat,1670,Yield,kg/ha,1028.325456
United Kingdom,Wheat,1671,Yield,kg/ha,909.619487
United Kingdom,Wheat,1672,Yield,kg/ha,722.295592
United Kingdom,Wheat,1673,Yield,kg/ha,784.427509
United Kingdom,Wheat,1674,Yield,kg/ha,517.8443
United Kingdom,Wheat,1675,Yield,kg/ha,653.096296
United Kingdom,Wheat,1676,Yield,kg/ha,1237.895609
United Kingdom,Wheat,1677,Yield,kg/ha,893.764955
United Kingdom,Wheat,1678,Yield,kg/ha,1132.293071
United Kingdom,Wheat,1679,Yield,kg/ha,933.907115
United Kingdom,Wheat,1680,Yield,kg/ha,1510.621896
United Kingdom,Wheat,1681,Yield,kg/ha,1024.878683
United Kingdom,Wheat,1682,Yield,kg/ha,1146.41516
United Kingdom,Wheat,1683,Yield,kg/ha,1213.124513
United Kingdom,Wheat,1684,Yield,kg/ha,846.271341
United Kingdom,Wheat,1685,Yield,kg/ha,1238.18524
United Kingdom,Wheat,1686,Yield,kg/ha,744.04613
United Kingdom,Wheat,1687,Yield,kg/ha,1484.760754
United Kingdom,Wheat,1688,Yield,kg/ha,1070.191069
United Kingdom,Wheat,1689,Yield,kg/ha,896.651378
United Kingdom,Wheat,1690,Yield,kg/ha,1117.739662
United Kingdom,Wheat,1691,Yield,kg/ha,969.973465
United Kingdom,Wheat,1692,Yield,kg/ha,1444.691147
United Kingdom,Wheat,1693,Yield,kg/ha,641.012674
United Kingdom,Wheat,1694,Yield,kg/ha,1647.261904
United Kingdom,Wheat,1695,Yield,kg/ha,1103.86632
United Kingdom,Wheat,1696,Yield,kg/ha,905.976432
United Kingdom,Wheat,1697,Yield,kg/ha,1023.33297
United Kingdom,Wheat,1698,Yield,kg/ha,856.479121
United Kingdom,Wheat,1699,Yield,kg/ha,839.115925
United Kingdom,Wheat,1700,Yield,kg/ha,1183.48579
United Kingdom,Wheat,1701,Yield,kg/ha,978.14737
United Kingdom,Wheat,1702,Yield,kg/ha,880.994645
United Kingdom,Wheat,1703,Yield,kg/ha,793.347094
United Kingdom,Wheat,1704,Yield,kg/ha,1387.516861
United Kingdom,Wheat,1705,Yield,kg/ha,1408.309098
United Kingdom,Wheat,1706,Yield,kg/ha,1011.15713
United Kingdom,Wheat,1707,Yield,kg/ha,1182.938648
United Kingdom,Wheat,1708,Yield,kg/ha,616.010375
United Kingdom,Wheat,1709,Yield,kg/ha,422.15649
United Kingdom,Wheat,1710,Yield,kg/ha,682.354353
United Kingdom,Wheat,1711,Yield,kg/ha,1103.474565
United Kingdom,Wheat,1712,Yield,kg/ha,1017.74777
United Kingdom,Wheat,1713,Yield,kg/ha,611.291779
United Kingdom,Wheat,1714,Yield,kg/ha,1204.160802
United Kingdom,Wheat,1715,Yield,kg/ha,769.538025
United Kingdom,Wheat,1716,Yield,kg/ha,857.838271
United Kingdom,Wheat,1717,Yield,kg/ha,968.096855
United Kingdom,Wheat,1718,Yield,kg/ha,1249.989208
United Kingdom,Wheat,1719,Yield,kg/ha,1021.666523
United Kingdom,Wheat,1720,Yield,kg/ha,1397.475164
United Kingdom,Wheat,1721,Yield,kg/ha,1296.178608
United Kingdom,Wheat,1722,Yield,kg/ha,998.506012
United Kingdom,Wheat,1723,Yield,kg/ha,1207.919659
United Kingdom,Wheat,1724,Yield,kg/ha,1012.573039
United Kingdom,Wheat,1725,Yield,kg/ha,1164.157791
United Kingdom,Wheat,1726,Yield,kg/ha,654.762236
United Kingdom,Wheat,1727,Yield,kg/ha,871.067537
United Kingdom,Wheat,1728,Yield,kg/ha,1260.81748
United Kingdom,Wheat,1729,Yield,kg/ha,1100.825474
United Kingdom,Wheat,1730,Yield,kg/ha,886.023125
United Kingdom,Wheat,1731,Yield,kg/ha,913.36863
United Kingdom,Wheat,1732,Yield,kg/ha,1434.270596
United Kingdom,Wheat,1733,Yield,kg/ha,1464.458479
United Kingdom,Wheat,1734,Yield,kg/ha,1043.837711
United Kingdom,Wheat,1735,Yield,kg/ha,636.391507
United Kingdom,Wheat,1736,Yield,kg/ha,1729.550963
United Kingdom,Wheat,1737,Yield,kg/ha,1663.77516
United Kingdom,Wheat,1738,Yield,kg/ha,1085.101719
United Kingdom,Wheat,1739,Yield,kg/ha,1211.953071
United Kingdom,Wheat,1740,Yield,kg/ha,898.348267
United Kingdom,Wheat,1741,Yield,kg/ha,1233.224199
United Kingdom,Wheat,1742,Yield,kg/ha,1523.523968
United Kingdom,Wheat,1743,Yield,kg/ha,1166.162726
United Kingdom,Wheat,1744,Yield,kg/ha,847.248334
United Kingdom,Wheat,1745,Yield,kg/ha,821.982617
United Kingdom,Wheat,1746,Yield,kg/ha,1084.469602
United Kingdom,Wheat,1747,Yield,kg/ha,1579.594085
United Kingdom,Wheat,1748,Yield,kg/ha,946.602513
United Kingdom,Wheat,1749,Yield,kg/ha,1132.913806
United Kingdom,Wheat,1750,Yield,kg/ha,1085.494022
United Kingdom,Wheat,1751,Yield,kg/ha,758.745955
United Kingdom,Wheat,1752,Yield,kg/ha,1029.369056
United Kingdom,Wheat,1753,Yield,kg/ha,890.209054
United Kingdom,Wheat,1754,Yield,kg/ha,938.524989
United Kingdom,Wheat,1755,Yield,kg/ha,978.576806
United Kingdom,Wheat,1756,Yield,kg/ha,1018.393667
United Kingdom,Wheat,1757,Yield,kg/ha,1388.851182
United Kingdom,Wheat,1758,Yield,kg/ha,1477.259359
United Kingdom,Wheat,1759,Yield,kg/ha,1312.984569
United Kingdom,Wheat,1760,Yield,kg/ha,1253.723747
United Kingdom,Wheat,1761,Yield,kg/ha,1484.040719
United Kingdom,Wheat,1762,Yield,kg/ha,1264.06593
United Kingdom,Wheat,1763,Yield,kg/ha,1314.315413
United Kingdom,Wheat,1764,Yield,kg/ha,1340.695516
United Kingdom,Wheat,1765,Yield,kg/ha,1541.148438
United Kingdom,Wheat,1766,Yield,kg/ha,878.83534
United Kingdom,Wheat,1767,Yield,kg/ha,1407.330446
United Kingdom,Wheat,1768,Yield,kg/ha,1439.89953
United Kingdom,Wheat,1769,Yield,kg/ha,1604.787464
United Kingdom,Wheat,1770,Yield,kg/ha,1298.339503
United Kingdom,Wheat,1771,Yield,kg/ha,1213.998954
United Kingdom,Wheat,1772,Yield,kg/ha,937.864887
United Kingdom,Wheat,1773,Yield,kg/ha,1430.633
United Kingdom,Wheat,1774,Yield,kg/ha,1269.829758
United Kingdom,Wheat,1775,Yield,kg/ha,1538.471181
United Kingdom,Wheat,1776,Yield,kg/ha,1219.149652
United Kingdom,Wheat,1777,Yield,kg/ha,1494.517912
United Kingdom,Wheat,1778,Yield,kg/ha,1250.909049
United Kingdom,Wheat,1779,Yield,kg/ha,1254.308932
United Kingdom,Wheat,1780,Yield,kg/ha,1404.370812
United Kingdom,Wheat,1781,Yield,kg/ha,1763.286113
United Kingdom,Wheat,1782,Yield,kg/ha,1348.617465
United Kingdom,Wheat,1783,Yield,kg/ha,1239.998192
United Kingdom,Wheat,1784,Yield,kg/ha,1366.680509
United Kingdom,Wheat,1785,Yield,kg/ha,1339.892517
United Kingdom,Wheat,1786,Yield,kg/ha,1497.509652
United Kingdom,Wheat,1787,Yield,kg/ha,985.553267
United Kingdom,Wheat,1788,Yield,kg/ha,1187.358718
United Kingdom,Wheat,1789,Yield,kg/ha,1018.133396
United Kingdom,Wheat,1790,Yield,kg/ha,1142.915929
United Kingdom,Wheat,1791,Yield,kg/ha,1309.873505
United Kingdom,Wheat,1792,Yield,kg/ha,1153.163913
United Kingdom,Wheat,1793,Yield,kg/ha,1411.552146
United Kingdom,Wheat,1794,Yield,kg/ha,873.093698
United Kingdom,Wheat,1795,Yield,kg/ha,1104.977981
United Kingdom,Wheat,1796,Yield,kg/ha,1252.433885
United Kingdom,Wheat,1797,Yield,kg/ha,1276.486086
United Kingdom,Wheat,1798,Yield,kg/ha,1260.452867
United Kingdom,Wheat,1799,Yield,kg/ha,1011.843286
United Kingdom,Wheat,1800,Yield,kg/ha,914.155904
United Kingdom,Wheat,1801,Yield,kg/ha,1416.012863
United Kingdom,Wheat,1802,Yield,kg/ha,1449.807972
United Kingdom,Wheat,1803,Yield,kg/ha,1294.907526
United Kingdom,Wheat,1804,Yield,kg/ha,953.112462
United Kingdom,Wheat,1805,Yield,kg/ha,1368.094918
United Kingdom,Wheat,1806,Yield,kg/ha,1553.992294
United Kingdom,Wheat,1807,Yield,kg/ha,1659.649986
United Kingdom,Wheat,1808,Yield,kg/ha,1226.955692
United Kingdom,Wheat,1809,Yield,kg/ha,1254.886975
United Kingdom,Wheat,1810,Yield,kg/ha,1407.846398
United Kingdom,Wheat,1811,Yield,kg/ha,948.262087
United Kingdom,Wheat,1812,Yield,kg/ha,1092.655074
United Kingdom,Wheat,1813,Yield,kg/ha,1572.374116
United Kingdom,Wheat,1814,Yield,kg/ha,1028.402747
United Kingdom,Wheat,1815,Yield,kg/ha,1304.539911
United Kingdom,Wheat,1816,Yield,kg/ha,1170.816742
United Kingdom,Wheat,1817,Yield,kg/ha,1661.666175
United Kingdom,Wheat,1818,Yield,kg/ha,1581.518092
United Kingdom,Wheat,1819,Yield,kg/ha,1023.585542
United Kingdom,Wheat,1820,Yield,kg/ha,1810.132227
United Kingdom,Wheat,1821,Yield,kg/ha,1502.683228
United Kingdom,Wheat,1822,Yield,kg/ha,1413.560828
United Kingdom,Wheat,1823,Yield,kg/ha,1378.430283
United Kingdom,Wheat,1824,Yield,kg/ha,1446.797324
United Kingdom,Wheat,1825,Yield,kg/ha,1726.389618
United Kingdom,Wheat,1826,Yield,kg/ha,1459.816883
United Kingdom,Wheat,1827,Yield,kg/ha,1578.041022
United Kingdom,Wheat,1828,Yield,kg/ha,1062.922574
United Kingdom,Wheat,1829,Yield,kg/ha,1311.698516
United Kingdom,Wheat,1830,Yield,kg/ha,1456.430719
United Kingdom,Wheat,1831,Yield,kg/ha,1613.00358
United Kingdom,Wheat,1832,Yield,kg/ha,1599.163912
United Kingdom,Wheat,1833,Yield,kg/ha,1494.480953
United Kingdom,Wheat,1834,Yield,kg/ha,1535.724524
United Kingdom,Wheat,1835,Yield,kg/ha,1844.398057
United Kingdom,Wheat,1836,Yield,kg/ha,1647.351964
United Kingdom,Wheat,1837,Yield,kg/ha,1866.061483
United Kingdom,Wheat,1838,Yield,kg/ha,1697.77652
United Kingdom,Wheat,1839,Yield,kg/ha,1621.171603
United Kingdom,Wheat,1840,Yield,kg/ha,1919.519728
United Kingdom,Wheat,1841,Yield,kg/ha,1609.753876
United Kingdom,Wheat,1842,Yield,kg/ha,1961.391685
United Kingdom,Wheat,1843,Yield,kg/ha,1682.451053
United Kingdom,Wheat,1844,Yield,kg/ha,2311.23377
United Kingdom,Wheat,1845,Yield,kg/ha,1803.847715
United Kingdom,Wheat,1846,Yield,kg/ha,1912.687642
United Kingdom,Wheat,1847,Yield,kg/ha,2277.622854
United Kingdom,Wheat,1848,Yield,kg/ha,1907.825877
United Kingdom,Wheat,1849,Yield,kg/ha,2229.133882
United Kingdom,Wheat,1850,Yield,kg/ha,1822.324669
United Kingdom,Wheat,1851,Yield,kg/ha,1836.221707
United Kingdom,Wheat,1852,Yield,kg/ha,1900.011198
United Kingdom,Wheat,1853,Yield,kg/ha,1505.922237
United Kingdom,Wheat,1854,Yield,kg/ha,2138.990464
United Kingdom,Wheat,1855,Yield,kg/ha,1552.088332
United Kingdom,Wheat,1856,Yield,kg/ha,1895.486606
United Kingdom,Wheat,1857,Yield,kg/ha,1744.711847
United Kingdom,Wheat,1858,Yield,kg/ha,2077.754188
United Kingdom,Wheat,1859,Yield,kg/ha,1842.336494
United Kingdom,Wheat,1860,Yield,kg/ha,1317.479151
United Kingdom,Wheat,1861,Yield,kg/ha,1677.800889
United Kingdom,Wheat,1862,Yield,kg/ha,1824.909964
United Kingdom,Wheat,1863,Yield,kg/ha,2542.898751
United Kingdom,Wheat,1864,Yield,kg/ha,2205.465146
United Kingdom,Wheat,1865,Yield,kg/ha,1735.513929
United Kingdom,Wheat,1866,Yield,kg/ha,1834.955978
United Kingdom,Wheat,1867,Yield,kg/ha,1980.408815
United Kingdom,Wheat,1868,Yield,kg/ha,2375.764408
United Kingdom,Wheat,1869,Yield,kg/ha,2203.354044
United Kingdom,Wheat,1870,Yield,kg/ha,2218.308278
United Kingdom,Wheat,1885,Yield,kg/ha,2060
United Kingdom,Wheat,1910,Yield,kg/ha,2170
United Kingdom,Wheat,1930,Yield,kg/ha,2230
United Kingdom,Wheat,1942,Yield,kg/ha,2560
United Kingdom,Wheat,1961,Yield,kg/ha,3537.2
United Kingdom,Wheat,1962,Yield,kg/ha,4352.7
United Kingdom,Wheat,1963,Yield,kg/ha,3905.1
United Kingdom,Wheat,1964,Yield,kg/ha,4247.5
United Kingdom,Wheat,1965,Yield,kg/ha,4065.3
United Kingdom,Wheat,1966,Yield,kg/ha,3835.5
United Kingdom,Wheat,1967,Yield,kg/ha,4183.2
United Kingdom,Wheat,1968,Yield,kg/ha,3547.1
United Kingdom,Wheat,1969,Yield,kg/ha,4038.3
United Kingdom,Wheat,1970,Yield,kg/ha,4193.9
United Kingdom,Wheat,1971,Yield,kg/ha,4389
United Kingdom,Wheat,1972,Yield,kg/ha,4241.2
United Kingdom,Wheat,1973,Yield,kg/ha,4365.4
United Kingdom,Wheat,1974,Yield,kg/ha,4971.2
United Kingdom,Wheat,1975,Yield,kg/ha,4334.4
United Kingdom,Wheat,1976,Yield,kg/ha,3850.5
United Kingdom,Wheat,1977,Yield,kg/ha,4900.6
United Kingdom,Wheat,1978,Yield,kg/ha,5252.6
United Kingdom,Wheat,1979,Yield,kg/ha,5229.2
United Kingdom,Wheat,1980,Yield,kg/ha,5878.2
United Kingdom,Wheat,1981,Yield,kg/ha,5841.7
United Kingdom,Wheat,1982,Yield,kg/ha,6205.7
United Kingdom,Wheat,1983,Yield,kg/ha,6371.7
United Kingdom,Wheat,1984,Yield,kg/ha,7720.5
United Kingdom,Wheat,1985,Yield,kg/ha,6333.3
United Kingdom,Wheat,1986,Yield,kg/ha,6965.9
United Kingdom,Wheat,1987,Yield,kg/ha,5988
United Kingdom,Wheat,1988,Yield,kg/ha,6214.2
United Kingdom,Wheat,1989,Yield,kg/ha,6736.9
United Kingdom,Wheat,1990,Yield,kg/ha,6971.2
United Kingdom,Wheat,1991,Yield,kg/ha,7252.2
United Kingdom,Wheat,1992,Yield,kg/ha,6819.1
United Kingdom,Wheat,1993,Yield,kg/ha,7328
United Kingdom,Wheat,1994,Yield,kg/ha,7352.8
United Kingdom,Wheat,1995,Yield,kg/ha,7698.8
United Kingdom,Wheat,1996,Yield,kg/ha,8147.8
United Kingdom,Wheat,1997,Yield,kg/ha,7376.2
United Kingdom,Wheat,1998,Yield,kg/ha,7554.5
United Kingdom,Wheat,1999,Yield,kg/ha,8049.3
United Kingdom,Wheat,2000,Yield,kg/ha,8007.7
United Kingdom,Wheat,2001,Yield,kg/ha,7082.6
United Kingdom,Wheat,2002,Yield,kg/ha,8002.5
United Kingdom,Wheat,2003,Yield,kg/ha,7777.9
United Kingdom,Wheat,2004,Yield,kg/ha,7775.4
United Kingdom,Wheat,2005,Yield,kg/ha,7960.9
United Kingdom,Wheat,2006,Yield,kg/ha,8036.5
United Kingdom,Wheat,2007,Yield,kg/ha,7224.6
United Kingdom,Wheat,2008,Yield,kg/ha,8281.4
United Kingdom,Wheat,2009,Yield,kg/ha,7930.1
United Kingdom,Wheat,2010,Yield,kg/ha,7673
United Kingdom,Wheat,2011,Yield,kg/ha,7748.6
United Kingdom,Wheat,2012,Yield,kg/ha,6657.1
United Kingdom,Wheat,2013,Yield,kg/ha,7381.4
United Kingdom,Wheat,2014,Yield,kg/ha,8577.5
United Kingdom,Barley,1270,Yield,kg/ha,800.721109
United Kingdom,Barley,1271,Yield,kg/ha,911.143435
United Kingdom,Barley,1272,Yield,kg/ha,854.774541
United Kingdom,Barley,1273,Yield,kg/ha,804.971591
United Kingdom,Barley,1274,Yield,kg/ha,733.861098
United Kingdom,Barley,1275,Yield,kg/ha,1194.795703
United Kingdom,Barley,1276,Yield,kg/ha,687.792364
United Kingdom,Barley,1277,Yield,kg/ha,851.143441
United Kingdom,Barley,1278,Yield,kg/ha,946.865988
United Kingdom,Barley,1279,Yield,kg/ha,401.687919
United Kingdom,Barley,1280,Yield,kg/ha,550.60883
United Kingdom,Barley,1281,Yield,kg/ha,900.803761
United Kingdom,Barley,1282,Yield,kg/ha,696.269861
United Kingdom,Barley,1283,Yield,kg/ha,704.414303
United Kingdom,Barley,1284,Yield,kg/ha,760.523054
United Kingdom,Barley,1285,Yield,kg/ha,692.801772
United Kingdom,Barley,1286,Yield,kg/ha,777.593873
United Kingdom,Barley,1287,Yield,kg/ha,902.81542
United Kingdom,Barley,1288,Yield,kg/ha,867.405821
United Kingdom,Barley,1289,Yield,kg/ha,659.191688
United Kingdom,Barley,1290,Yield,kg/ha,553.768227
United Kingdom,Barley,1291,Yield,kg/ha,377.708852
United Kingdom,Barley,1292,Yield,kg/ha,579.243602
United Kingdom,Barley,1293,Yield,kg/ha,685.294349
United Kingdom,Barley,1294,Yield,kg/ha,691.140673
United Kingdom,Barley,1295,Yield,kg/ha,888.805581
United Kingdom,Barley,1296,Yield,kg/ha,707.66837
United Kingdom,Barley,1297,Yield,kg/ha,605.028228
United Kingdom,Barley,1298,Yield,kg/ha,768.428625
United Kingdom,Barley,1299,Yield,kg/ha,846.322695
United Kingdom,Barley,1300,Yield,kg/ha,812.927906
United Kingdom,Barley,1301,Yield,kg/ha,857.429622
United Kingdom,Barley,1302,Yield,kg/ha,913.525126
United Kingdom,Barley,1303,Yield,kg/ha,890.999303
United Kingdom,Barley,1304,Yield,kg/ha,834.096467
United Kingdom,Barley,1305,Yield,kg/ha,728.877898
United Kingdom,Barley,1306,Yield,kg/ha,619.987356
United Kingdom,Barley,1307,Yield,kg/ha,790.472845
United Kingdom,Barley,1308,Yield,kg/ha,883.415517
United Kingdom,Barley,1309,Yield,kg/ha,882.250216
United Kingdom,Barley,1310,Yield,kg/ha,1025.565476
United Kingdom,Barley,1311,Yield,kg/ha,843.095056
United Kingdom,Barley,1312,Yield,kg/ha,940.422564
United Kingdom,Barley,1313,Yield,kg/ha,963.014573
United Kingdom,Barley,1314,Yield,kg/ha,860.75361
United Kingdom,Barley,1315,Yield,kg/ha,729.175054
United Kingdom,Barley,1316,Yield,kg/ha,621.946428
United Kingdom,Barley,1317,Yield,kg/ha,612.098218
United Kingdom,Barley,1318,Yield,kg/ha,767.233208
United Kingdom,Barley,1319,Yield,kg/ha,874.565638
United Kingdom,Barley,1320,Yield,kg/ha,919.020279
United Kingdom,Barley,1321,Yield,kg/ha,619.728729
United Kingdom,Barley,1322,Yield,kg/ha,732.770724
United Kingdom,Barley,1323,Yield,kg/ha,949.49676
United Kingdom,Barley,1324,Yield,kg/ha,742.651211
United Kingdom,Barley,1325,Yield,kg/ha,859.668251
United Kingdom,Barley,1326,Yield,kg/ha,869.295524
United Kingdom,Barley,1327,Yield,kg/ha,890.734912
United Kingdom,Barley,1328,Yield,kg/ha,771.969573
United Kingdom,Barley,1329,Yield,kg/ha,902.039519
United Kingdom,Barley,1330,Yield,kg/ha,769.503878
United Kingdom,Barley,1331,Yield,kg/ha,625.099287
United Kingdom,Barley,1332,Yield,kg/ha,768.774774
United Kingdom,Barley,1333,Yield,kg/ha,836.556575
United Kingdom,Barley,1334,Yield,kg/ha,641.783158
United Kingdom,Barley,1335,Yield,kg/ha,736.367943
United Kingdom,Barley,1336,Yield,kg/ha,792.601906
United Kingdom,Barley,1337,Yield,kg/ha,939.345549
United Kingdom,Barley,1338,Yield,kg/ha,1084.563745
United Kingdom,Barley,1339,Yield,kg/ha,903.428466
United Kingdom,Barley,1340,Yield,kg/ha,806.217839
United Kingdom,Barley,1341,Yield,kg/ha,794.462589
United Kingdom,Barley,1342,Yield,kg/ha,946.830138
United Kingdom,Barley,1343,Yield,kg/ha,850.503296
United Kingdom,Barley,1344,Yield,kg/ha,959.246331
United Kingdom,Barley,1345,Yield,kg/ha,694.02428
United Kingdom,Barley,1346,Yield,kg/ha,696.914662
United Kingdom,Barley,1347,Yield,kg/ha,891.170467
United Kingdom,Barley,1348,Yield,kg/ha,874.379705
United Kingdom,Barley,1349,Yield,kg/ha,506.011928
United Kingdom,Barley,1350,Yield,kg/ha,546.216908
United Kingdom,Barley,1351,Yield,kg/ha,558.658363
United Kingdom,Barley,1352,Yield,kg/ha,370.278137
United Kingdom,Barley,1353,Yield,kg/ha,630.978792
United Kingdom,Barley,1354,Yield,kg/ha,632.887359
United Kingdom,Barley,1355,Yield,kg/ha,855.38107
United Kingdom,Barley,1356,Yield,kg/ha,683.952201
United Kingdom,Barley,1357,Yield,kg/ha,670.625967
United Kingdom,Barley,1358,Yield,kg/ha,592.048029
United Kingdom,Barley,1359,Yield,kg/ha,702.947742
United Kingdom,Barley,1360,Yield,kg/ha,652.999102
United Kingdom,Barley,1361,Yield,kg/ha,418.647314
United Kingdom,Barley,1362,Yield,kg/ha,627.488899
United Kingdom,Barley,1363,Yield,kg/ha,851.055049
United Kingdom,Barley,1364,Yield,kg/ha,846.613133
United Kingdom,Barley,1365,Yield,kg/ha,693.978401
United Kingdom,Barley,1366,Yield,kg/ha,841.121707
United Kingdom,Barley,1367,Yield,kg/ha,864.133321
United Kingdom,Barley,1368,Yield,kg/ha,494.419961
United Kingdom,Barley,1369,Yield,kg/ha,531.483021
United Kingdom,Barley,1370,Yield,kg/ha,1031.796732
United Kingdom,Barley,1371,Yield,kg/ha,906.323784
United Kingdom,Barley,1372,Yield,kg/ha,939.532961
United Kingdom,Barley,1373,Yield,kg/ha,1111.559361
United Kingdom,Barley,1374,Yield,kg/ha,859.214771
United Kingdom,Barley,1375,Yield,kg/ha,868.407396
United Kingdom,Barley,1376,Yield,kg/ha,987.539109
United Kingdom,Barley,1377,Yield,kg/ha,1041.504425
United Kingdom,Barley,1378,Yield,kg/ha,1136.198717
United Kingdom,Barley,1379,Yield,kg/ha,988.063268
United Kingdom,Barley,1380,Yield,kg/ha,930.647858
United Kingdom,Barley,1381,Yield,kg/ha,900.139623
United Kingdom,Barley,1382,Yield,kg/ha,931.236124
United Kingdom,Barley,1383,Yield,kg/ha,613.917254
United Kingdom,Barley,1384,Yield,kg/ha,1019.003912
United Kingdom,Barley,1385,Yield,kg/ha,625.321179
United Kingdom,Barley,1386,Yield,kg/ha,905.774
United Kingdom,Barley,1387,Yield,kg/ha,923.172989
United Kingdom,Barley,1388,Yield,kg/ha,883.610534
United Kingdom,Barley,1389,Yield,kg/ha,812.291959
United Kingdom,Barley,1390,Yield,kg/ha,896.449256
United Kingdom,Barley,1391,Yield,kg/ha,996.209894
United Kingdom,Barley,1392,Yield,kg/ha,1243.031011
United Kingdom,Barley,1393,Yield,kg/ha,807.096479
United Kingdom,Barley,1394,Yield,kg/ha,667.496049
United Kingdom,Barley,1395,Yield,kg/ha,730.099764
United Kingdom,Barley,1396,Yield,kg/ha,719.64603
United Kingdom,Barley,1397,Yield,kg/ha,539.239895
United Kingdom,Barley,1398,Yield,kg/ha,833.8792
United Kingdom,Barley,1399,Yield,kg/ha,866.698136
United Kingdom,Barley,1400,Yield,kg/ha,830.279964
United Kingdom,Barley,1401,Yield,kg/ha,716.071085
United Kingdom,Barley,1402,Yield,kg/ha,924.648508
United Kingdom,Barley,1403,Yield,kg/ha,782.355082
United Kingdom,Barley,1404,Yield,kg/ha,785.541354
United Kingdom,Barley,1405,Yield,kg/ha,757.016792
United Kingdom,Barley,1406,Yield,kg/ha,818.47493
United Kingdom,Barley,1407,Yield,kg/ha,648.4627
United Kingdom,Barley,1408,Yield,kg/ha,535.853826
United Kingdom,Barley,1409,Yield,kg/ha,715.923786
United Kingdom,Barley,1410,Yield,kg/ha,846.028829
United Kingdom,Barley,1411,Yield,kg/ha,687.369747
United Kingdom,Barley,1412,Yield,kg/ha,829.012416
United Kingdom,Barley,1413,Yield,kg/ha,437.724431
United Kingdom,Barley,1414,Yield,kg/ha,669.172125
United Kingdom,Barley,1415,Yield,kg/ha,654.657531
United Kingdom,Barley,1416,Yield,kg/ha,560.32663
United Kingdom,Barley,1417,Yield,kg/ha,780.434353
United Kingdom,Barley,1418,Yield,kg/ha,839.604072
United Kingdom,Barley,1419,Yield,kg/ha,835.78356
United Kingdom,Barley,1420,Yield,kg/ha,913.070365
United Kingdom,Barley,1421,Yield,kg/ha,639.668128
United Kingdom,Barley,1422,Yield,kg/ha,725.602908
United Kingdom,Barley,1423,Yield,kg/ha,815.782393
United Kingdom,Barley,1424,Yield,kg/ha,674.708531
United Kingdom,Barley,1425,Yield,kg/ha,744.39754
United Kingdom,Barley,1426,Yield,kg/ha,610.926056
United Kingdom,Barley,1427,Yield,kg/ha,823.772346
United Kingdom,Barley,1428,Yield,kg/ha,781.685634
United Kingdom,Barley,1429,Yield,kg/ha,658.02112
United Kingdom,Barley,1430,Yield,kg/ha,768.186234
United Kingdom,Barley,1431,Yield,kg/ha,556.852735
United Kingdom,Barley,1432,Yield,kg/ha,506.997929
United Kingdom,Barley,1433,Yield,kg/ha,811.734499
United Kingdom,Barley,1434,Yield,kg/ha,1105.543737
United Kingdom,Barley,1435,Yield,kg/ha,774.294777
United Kingdom,Barley,1436,Yield,kg/ha,481.868453
United Kingdom,Barley,1437,Yield,kg/ha,582.263829
United Kingdom,Barley,1438,Yield,kg/ha,605.621719
United Kingdom,Barley,1439,Yield,kg/ha,689.625969
United Kingdom,Barley,1440,Yield,kg/ha,688.943421
United Kingdom,Barley,1441,Yield,kg/ha,448.952507
United Kingdom,Barley,1442,Yield,kg/ha,413.302371
United Kingdom,Barley,1443,Yield,kg/ha,941.502052
United Kingdom,Barley,1444,Yield,kg/ha,688.398142
United Kingdom,Barley,1445,Yield,kg/ha,344.324163
United Kingdom,Barley,1446,Yield,kg/ha,770.079902
United Kingdom,Barley,1447,Yield,kg/ha,535.552286
United Kingdom,Barley,1448,Yield,kg/ha,701.510811
United Kingdom,Barley,1449,Yield,kg/ha,443.489254
United Kingdom,Barley,1450,Yield,kg/ha,607.808657
United Kingdom,Barley,1451,Yield,kg/ha,586.500315
United Kingdom,Barley,1452,Yield,kg/ha,558.362429
United Kingdom,Barley,1453,Yield,kg/ha,530.224544
United Kingdom,Barley,1454,Yield,kg/ha,628.02411
United Kingdom,Barley,1455,Yield,kg/ha,613.272272
United Kingdom,Barley,1456,Yield,kg/ha,598.520434
United Kingdom,Barley,1457,Yield,kg/ha,597.974104
United Kingdom,Barley,1458,Yield,kg/ha,533.502841
United Kingdom,Barley,1459,Yield,kg/ha,633.760982
United Kingdom,Barley,1460,Yield,kg/ha,734.019123
United Kingdom,Barley,1461,Yield,kg/ha,766.801239
United Kingdom,Barley,1462,Yield,kg/ha,1012.665791
United Kingdom,Barley,1463,Yield,kg/ha,998.460326
United Kingdom,Barley,1464,Yield,kg/ha,379.700685
United Kingdom,Barley,1465,Yield,kg/ha,429.146855
United Kingdom,Barley,1466,Yield,kg/ha,512.74087
United Kingdom,Barley,1467,Yield,kg/ha,603.984109
United Kingdom,Barley,1468,Yield,kg/ha,823.076979
United Kingdom,Barley,1469,Yield,kg/ha,507.277305
United Kingdom,Barley,1470,Yield,kg/ha,613.818642
United Kingdom,Barley,1471,Yield,kg/ha,581.036686
United Kingdom,Barley,1472,Yield,kg/ha,947.101924
United Kingdom,Barley,1473,Yield,kg/ha,383.252038
United Kingdom,Barley,1474,Yield,kg/ha,887.001612
United Kingdom,Barley,1475,Yield,kg/ha,545.522859
United Kingdom,Barley,1476,Yield,kg/ha,316.868596
United Kingdom,Barley,1477,Yield,kg/ha,525.307271
United Kingdom,Barley,1478,Yield,kg/ha,459.197009
United Kingdom,Barley,1479,Yield,kg/ha,914.593117
United Kingdom,Barley,1480,Yield,kg/ha,474.495181
United Kingdom,Barley,1481,Yield,kg/ha,523.668208
United Kingdom,Barley,1482,Yield,kg/ha,572.841234
United Kingdom,Barley,1483,Yield,kg/ha,827.994141
United Kingdom,Barley,1484,Yield,kg/ha,594.695844
United Kingdom,Barley,1485,Yield,kg/ha,428.054069
United Kingdom,Barley,1486,Yield,kg/ha,521.482775
United Kingdom,Barley,1487,Yield,kg/ha,485.422572
United Kingdom,Barley,1488,Yield,kg/ha,544.156936
United Kingdom,Barley,1489,Yield,kg/ha,602.8913
United Kingdom,Barley,1490,Yield,kg/ha,807.778485
United Kingdom,Barley,1491,Yield,kg/ha,753.142111
United Kingdom,Barley,1492,Yield,kg/ha,568.470265
United Kingdom,Barley,1493,Yield,kg/ha,568.470265
United Kingdom,Barley,1494,Yield,kg/ha,NA
United Kingdom,Barley,1495,Yield,kg/ha,NA
United Kingdom,Barley,1549,Yield,kg/ha,514.511656
United Kingdom,Barley,1550,Yield,kg/ha,514.511656
United Kingdom,Barley,1551,Yield,kg/ha,674.581956
United Kingdom,Barley,1552,Yield,kg/ha,835.362044
United Kingdom,Barley,1553,Yield,kg/ha,871.819708
United Kingdom,Barley,1554,Yield,kg/ha,457.42272
United Kingdom,Barley,1555,Yield,kg/ha,645.490494
United Kingdom,Barley,1556,Yield,kg/ha,305.709854
United Kingdom,Barley,1557,Yield,kg/ha,302.305292
United Kingdom,Barley,1558,Yield,kg/ha,1098.435741
United Kingdom,Barley,1559,Yield,kg/ha,610.011102
United Kingdom,Barley,1560,Yield,kg/ha,611.752445
United Kingdom,Barley,1561,Yield,kg/ha,574.629398
United Kingdom,Barley,1562,Yield,kg/ha,746.33936
United Kingdom,Barley,1563,Yield,kg/ha,527.609567
United Kingdom,Barley,1564,Yield,kg/ha,883.29386
United Kingdom,Barley,1565,Yield,kg/ha,917.736852
United Kingdom,Barley,1566,Yield,kg/ha,1229.119898
United Kingdom,Barley,1567,Yield,kg/ha,654.19261
United Kingdom,Barley,1568,Yield,kg/ha,1198.876919
United Kingdom,Barley,1569,Yield,kg/ha,796.994911
United Kingdom,Barley,1570,Yield,kg/ha,469.238459
United Kingdom,Barley,1571,Yield,kg/ha,1048.97687
United Kingdom,Barley,1572,Yield,kg/ha,929.095481
United Kingdom,Barley,1573,Yield,kg/ha,1060.309447
United Kingdom,Barley,1574,Yield,kg/ha,604.699588
United Kingdom,Barley,1575,Yield,kg/ha,704.949808
United Kingdom,Barley,1576,Yield,kg/ha,682.559215
United Kingdom,Barley,1577,Yield,kg/ha,560.466616
United Kingdom,Barley,1578,Yield,kg/ha,873.450828
United Kingdom,Barley,1579,Yield,kg/ha,848.344564
United Kingdom,Barley,1580,Yield,kg/ha,991.560537
United Kingdom,Barley,1581,Yield,kg/ha,910.326799
United Kingdom,Barley,1582,Yield,kg/ha,940.914474
United Kingdom,Barley,1583,Yield,kg/ha,1277.801462
United Kingdom,Barley,1584,Yield,kg/ha,863.227232
United Kingdom,Barley,1585,Yield,kg/ha,836.386951
United Kingdom,Barley,1586,Yield,kg/ha,508.700731
United Kingdom,Barley,1587,Yield,kg/ha,897.476648
United Kingdom,Barley,1588,Yield,kg/ha,1076.074601
United Kingdom,Barley,1589,Yield,kg/ha,705.61555
United Kingdom,Barley,1590,Yield,kg/ha,631.794833
United Kingdom,Barley,1591,Yield,kg/ha,471.952409
United Kingdom,Barley,1592,Yield,kg/ha,962.626656
United Kingdom,Barley,1593,Yield,kg/ha,1252.231655
United Kingdom,Barley,1594,Yield,kg/ha,612.00811
United Kingdom,Barley,1595,Yield,kg/ha,586.062272
United Kingdom,Barley,1596,Yield,kg/ha,495.915828
United Kingdom,Barley,1597,Yield,kg/ha,297.448785
United Kingdom,Barley,1598,Yield,kg/ha,781.737145
United Kingdom,Barley,1599,Yield,kg/ha,1302.805718
United Kingdom,Barley,1600,Yield,kg/ha,683.379492
United Kingdom,Barley,1601,Yield,kg/ha,835.948887
United Kingdom,Barley,1602,Yield,kg/ha,725.725259
United Kingdom,Barley,1603,Yield,kg/ha,1201.536648
United Kingdom,Barley,1604,Yield,kg/ha,1659.870844
United Kingdom,Barley,1605,Yield,kg/ha,741.957499
United Kingdom,Barley,1606,Yield,kg/ha,472.5419
United Kingdom,Barley,1607,Yield,kg/ha,830.180348
United Kingdom,Barley,1608,Yield,kg/ha,501.187689
United Kingdom,Barley,1609,Yield,kg/ha,1055.954927
United Kingdom,Barley,1610,Yield,kg/ha,985.735187
United Kingdom,Barley,1611,Yield,kg/ha,1535.196187
United Kingdom,Barley,1612,Yield,kg/ha,1042.646379
United Kingdom,Barley,1613,Yield,kg/ha,768.885822
United Kingdom,Barley,1614,Yield,kg/ha,707.263558
United Kingdom,Barley,1615,Yield,kg/ha,1106.86151
United Kingdom,Barley,1616,Yield,kg/ha,1083.056062
United Kingdom,Barley,1617,Yield,kg/ha,1187.232425
United Kingdom,Barley,1618,Yield,kg/ha,1153.500228
United Kingdom,Barley,1619,Yield,kg/ha,1422.410404
United Kingdom,Barley,1620,Yield,kg/ha,1307.384169
United Kingdom,Barley,1621,Yield,kg/ha,1968.799029
United Kingdom,Barley,1622,Yield,kg/ha,1333.584003
United Kingdom,Barley,1623,Yield,kg/ha,843.422478
United Kingdom,Barley,1624,Yield,kg/ha,1568.460927
United Kingdom,Barley,1625,Yield,kg/ha,1737.763925
United Kingdom,Barley,1626,Yield,kg/ha,1213.923247
United Kingdom,Barley,1627,Yield,kg/ha,1395.303313
United Kingdom,Barley,1628,Yield,kg/ha,1469.118124
United Kingdom,Barley,1629,Yield,kg/ha,773.020066
United Kingdom,Barley,1630,Yield,kg/ha,555.153223
United Kingdom,Barley,1631,Yield,kg/ha,638.682621
United Kingdom,Barley,1632,Yield,kg/ha,813.72863
United Kingdom,Barley,1633,Yield,kg/ha,845.299632
United Kingdom,Barley,1634,Yield,kg/ha,1100.412041
United Kingdom,Barley,1635,Yield,kg/ha,978.945515
United Kingdom,Barley,1636,Yield,kg/ha,1032.546218
United Kingdom,Barley,1637,Yield,kg/ha,560.849309
United Kingdom,Barley,1638,Yield,kg/ha,841.307258
United Kingdom,Barley,1639,Yield,kg/ha,1004.542401
United Kingdom,Barley,1640,Yield,kg/ha,1222.9059
United Kingdom,Barley,1641,Yield,kg/ha,891.587064
United Kingdom,Barley,1642,Yield,kg/ha,1490.953096
United Kingdom,Barley,1643,Yield,kg/ha,2413.248572
United Kingdom,Barley,1644,Yield,kg/ha,2401.013209
United Kingdom,Barley,1645,Yield,kg/ha,1330.897368
United Kingdom,Barley,1646,Yield,kg/ha,1339.589571
United Kingdom,Barley,1647,Yield,kg/ha,1079.137875
United Kingdom,Barley,1648,Yield,kg/ha,950.69466
United Kingdom,Barley,1649,Yield,kg/ha,1101.946598
United Kingdom,Barley,1650,Yield,kg/ha,326.950881
United Kingdom,Barley,1651,Yield,kg/ha,595.312919
United Kingdom,Barley,1652,Yield,kg/ha,1445.788708
United Kingdom,Barley,1653,Yield,kg/ha,2002.346155
United Kingdom,Barley,1654,Yield,kg/ha,1164.890551
United Kingdom,Barley,1655,Yield,kg/ha,1402.944081
United Kingdom,Barley,1656,Yield,kg/ha,1419.716476
United Kingdom,Barley,1657,Yield,kg/ha,1442.139849
United Kingdom,Barley,1658,Yield,kg/ha,1457.56233
United Kingdom,Barley,1659,Yield,kg/ha,575.317473
United Kingdom,Barley,1660,Yield,kg/ha,1046.768423
United Kingdom,Barley,1661,Yield,kg/ha,793.131316
United Kingdom,Barley,1662,Yield,kg/ha,881.602337
United Kingdom,Barley,1663,Yield,kg/ha,1374.252075
United Kingdom,Barley,1664,Yield,kg/ha,909.387895
United Kingdom,Barley,1665,Yield,kg/ha,1058.600663
United Kingdom,Barley,1666,Yield,kg/ha,1570.465204
United Kingdom,Barley,1667,Yield,kg/ha,1461.518579
United Kingdom,Barley,1668,Yield,kg/ha,928.26486
United Kingdom,Barley,1669,Yield,kg/ha,1243.281437
United Kingdom,Barley,1670,Yield,kg/ha,1053.609943
United Kingdom,Barley,1671,Yield,kg/ha,1327.87466
United Kingdom,Barley,1672,Yield,kg/ha,897.095927
United Kingdom,Barley,1673,Yield,kg/ha,988.718456
United Kingdom,Barley,1674,Yield,kg/ha,1154.684367
United Kingdom,Barley,1675,Yield,kg/ha,763.459717
United Kingdom,Barley,1676,Yield,kg/ha,1542.408266
United Kingdom,Barley,1677,Yield,kg/ha,948.921701
United Kingdom,Barley,1678,Yield,kg/ha,1114.344792
United Kingdom,Barley,1679,Yield,kg/ha,1019.296474
United Kingdom,Barley,1680,Yield,kg/ha,1502.001191
United Kingdom,Barley,1681,Yield,kg/ha,878.323613
United Kingdom,Barley,1682,Yield,kg/ha,915.270523
United Kingdom,Barley,1683,Yield,kg/ha,1534.866743
United Kingdom,Barley,1684,Yield,kg/ha,1165.855499
United Kingdom,Barley,1685,Yield,kg/ha,1215.641165
United Kingdom,Barley,1686,Yield,kg/ha,632.339378
United Kingdom,Barley,1687,Yield,kg/ha,865.793725
United Kingdom,Barley,1688,Yield,kg/ha,1290.247484
United Kingdom,Barley,1689,Yield,kg/ha,1110.373667
United Kingdom,Barley,1690,Yield,kg/ha,1342.543213
United Kingdom,Barley,1691,Yield,kg/ha,2152.177327
United Kingdom,Barley,1692,Yield,kg/ha,1643.93992
United Kingdom,Barley,1693,Yield,kg/ha,1013.754965
United Kingdom,Barley,1694,Yield,kg/ha,1499.475381
United Kingdom,Barley,1695,Yield,kg/ha,1393.583964
United Kingdom,Barley,1696,Yield,kg/ha,1048.250131
United Kingdom,Barley,1697,Yield,kg/ha,1069.782188
United Kingdom,Barley,1698,Yield,kg/ha,1485.554305
United Kingdom,Barley,1699,Yield,kg/ha,751.605014
United Kingdom,Barley,1700,Yield,kg/ha,607.23124
United Kingdom,Barley,1701,Yield,kg/ha,1354.915658
United Kingdom,Barley,1702,Yield,kg/ha,2203.923765
United Kingdom,Barley,1703,Yield,kg/ha,1793.599187
United Kingdom,Barley,1704,Yield,kg/ha,1736.976115
United Kingdom,Barley,1705,Yield,kg/ha,1331.752936
United Kingdom,Barley,1706,Yield,kg/ha,994.793595
United Kingdom,Barley,1707,Yield,kg/ha,1236.963909
United Kingdom,Barley,1708,Yield,kg/ha,999.658531
United Kingdom,Barley,1709,Yield,kg/ha,1500.403292
United Kingdom,Barley,1710,Yield,kg/ha,866.063455
United Kingdom,Barley,1711,Yield,kg/ha,1144.201026
United Kingdom,Barley,1712,Yield,kg/ha,1888.766426
United Kingdom,Barley,1713,Yield,kg/ha,1108.828332
United Kingdom,Barley,1714,Yield,kg/ha,1112.493514
United Kingdom,Barley,1715,Yield,kg/ha,1136.377631
United Kingdom,Barley,1716,Yield,kg/ha,1262.426927
United Kingdom,Barley,1717,Yield,kg/ha,1369.949215
United Kingdom,Barley,1718,Yield,kg/ha,2202.726746
United Kingdom,Barley,1719,Yield,kg/ha,1611.417067
United Kingdom,Barley,1720,Yield,kg/ha,2376.97198
United Kingdom,Barley,1721,Yield,kg/ha,2051.108614
United Kingdom,Barley,1722,Yield,kg/ha,1962.287376
United Kingdom,Barley,1723,Yield,kg/ha,1300.178759
United Kingdom,Barley,1724,Yield,kg/ha,1276.478454
United Kingdom,Barley,1725,Yield,kg/ha,1356.599566
United Kingdom,Barley,1726,Yield,kg/ha,1003.104618
United Kingdom,Barley,1727,Yield,kg/ha,1543.240925
United Kingdom,Barley,1728,Yield,kg/ha,1530.516253
United Kingdom,Barley,1729,Yield,kg/ha,1608.060122
United Kingdom,Barley,1730,Yield,kg/ha,1577.625171
United Kingdom,Barley,1731,Yield,kg/ha,1210.887557
United Kingdom,Barley,1732,Yield,kg/ha,1703.984039
United Kingdom,Barley,1733,Yield,kg/ha,1507.608383
United Kingdom,Barley,1734,Yield,kg/ha,1450.334755
United Kingdom,Barley,1735,Yield,kg/ha,1748.366623
United Kingdom,Barley,1736,Yield,kg/ha,1599.353117
United Kingdom,Barley,1737,Yield,kg/ha,1709.001744
United Kingdom,Barley,1738,Yield,kg/ha,1719.551878
United Kingdom,Barley,1739,Yield,kg/ha,1589.260902
United Kingdom,Barley,1740,Yield,kg/ha,2072.140995
United Kingdom,Barley,1741,Yield,kg/ha,1478.702814
United Kingdom,Barley,1742,Yield,kg/ha,1331.267001
United Kingdom,Barley,1743,Yield,kg/ha,1759.415069
United Kingdom,Barley,1744,Yield,kg/ha,1733.766078
United Kingdom,Barley,1745,Yield,kg/ha,1782.218002
United Kingdom,Barley,1746,Yield,kg/ha,1816.999438
United Kingdom,Barley,1747,Yield,kg/ha,2220.81361
United Kingdom,Barley,1748,Yield,kg/ha,1744.178794
United Kingdom,Barley,1749,Yield,kg/ha,1664.895984
United Kingdom,Barley,1750,Yield,kg/ha,1441.646207
United Kingdom,Barley,1751,Yield,kg/ha,1460.256884
United Kingdom,Barley,1752,Yield,kg/ha,2110.533019
United Kingdom,Barley,1753,Yield,kg/ha,2228.681536
United Kingdom,Barley,1754,Yield,kg/ha,1686.658805
United Kingdom,Barley,1755,Yield,kg/ha,1991.886
United Kingdom,Barley,1756,Yield,kg/ha,1478.166539
United Kingdom,Barley,1757,Yield,kg/ha,2017.859326
United Kingdom,Barley,1758,Yield,kg/ha,2009.07105
United Kingdom,Barley,1759,Yield,kg/ha,2143.46382
United Kingdom,Barley,1760,Yield,kg/ha,2335.438932
United Kingdom,Barley,1761,Yield,kg/ha,2320.924966
United Kingdom,Barley,1762,Yield,kg/ha,1402.865317
United Kingdom,Barley,1763,Yield,kg/ha,2384.372745
United Kingdom,Barley,1764,Yield,kg/ha,2298.247924
United Kingdom,Barley,1765,Yield,kg/ha,1050.813565
United Kingdom,Barley,1766,Yield,kg/ha,1624.802966
United Kingdom,Barley,1767,Yield,kg/ha,2258.290539
United Kingdom,Barley,1768,Yield,kg/ha,2231.492134
United Kingdom,Barley,1769,Yield,kg/ha,2477.208043
United Kingdom,Barley,1770,Yield,kg/ha,2115.037871
United Kingdom,Barley,1771,Yield,kg/ha,2586.696513
United Kingdom,Barley,1772,Yield,kg/ha,1729.514142
United Kingdom,Barley,1773,Yield,kg/ha,2000.127549
United Kingdom,Barley,1774,Yield,kg/ha,2030.486945
United Kingdom,Barley,1775,Yield,kg/ha,1639.402269
United Kingdom,Barley,1776,Yield,kg/ha,2154.560112
United Kingdom,Barley,1777,Yield,kg/ha,2019.656123
United Kingdom,Barley,1778,Yield,kg/ha,2220.454901
United Kingdom,Barley,1779,Yield,kg/ha,2206.573386
United Kingdom,Barley,1780,Yield,kg/ha,2193.759557
United Kingdom,Barley,1781,Yield,kg/ha,2286.000007
United Kingdom,Barley,1782,Yield,kg/ha,2002.425884
United Kingdom,Barley,1783,Yield,kg/ha,2361.610057
United Kingdom,Barley,1784,Yield,kg/ha,2543.532223
United Kingdom,Barley,1785,Yield,kg/ha,1278.171507
United Kingdom,Barley,1786,Yield,kg/ha,1620.897158
United Kingdom,Barley,1787,Yield,kg/ha,1636.627752
United Kingdom,Barley,1788,Yield,kg/ha,1049.537868
United Kingdom,Barley,1789,Yield,kg/ha,1537.294237
United Kingdom,Barley,1790,Yield,kg/ha,1999.91886
United Kingdom,Barley,1791,Yield,kg/ha,1960.02641
United Kingdom,Barley,1792,Yield,kg/ha,1863.230955
United Kingdom,Barley,1793,Yield,kg/ha,1294.228205
United Kingdom,Barley,1794,Yield,kg/ha,1417.546268
United Kingdom,Barley,1795,Yield,kg/ha,2055.875505
United Kingdom,Barley,1796,Yield,kg/ha,1671.274852
United Kingdom,Barley,1797,Yield,kg/ha,1685.68637
United Kingdom,Barley,1798,Yield,kg/ha,2014.397781
United Kingdom,Barley,1799,Yield,kg/ha,1567.528458
United Kingdom,Barley,1800,Yield,kg/ha,1606.023169
United Kingdom,Barley,1801,Yield,kg/ha,2152.272209
United Kingdom,Barley,1802,Yield,kg/ha,2185.107438
United Kingdom,Barley,1803,Yield,kg/ha,2018.87109
United Kingdom,Barley,1804,Yield,kg/ha,2072.075126
United Kingdom,Barley,1805,Yield,kg/ha,2207.472169
United Kingdom,Barley,1806,Yield,kg/ha,1761.810097
United Kingdom,Barley,1807,Yield,kg/ha,1766.733449
United Kingdom,Barley,1808,Yield,kg/ha,1849.149507
United Kingdom,Barley,1809,Yield,kg/ha,2389.623481
United Kingdom,Barley,1810,Yield,kg/ha,2245.662386
United Kingdom,Barley,1811,Yield,kg/ha,1868.778079
United Kingdom,Barley,1812,Yield,kg/ha,1187.114892
United Kingdom,Barley,1813,Yield,kg/ha,2560.81906
United Kingdom,Barley,1814,Yield,kg/ha,2599.470871
United Kingdom,Barley,1815,Yield,kg/ha,2420.735714
United Kingdom,Barley,1816,Yield,kg/ha,2128.515303
United Kingdom,Barley,1817,Yield,kg/ha,1817.471331
United Kingdom,Barley,1818,Yield,kg/ha,1206.196413
United Kingdom,Barley,1819,Yield,kg/ha,1947.138217
United Kingdom,Barley,1820,Yield,kg/ha,2608.008566
United Kingdom,Barley,1821,Yield,kg/ha,2815.758321
United Kingdom,Barley,1822,Yield,kg/ha,1749.323675
United Kingdom,Barley,1823,Yield,kg/ha,1734.858929
United Kingdom,Barley,1824,Yield,kg/ha,1873.806039
United Kingdom,Barley,1825,Yield,kg/ha,1792.10032
United Kingdom,Barley,1826,Yield,kg/ha,1518.778068
United Kingdom,Barley,1827,Yield,kg/ha,2278.102175
United Kingdom,Barley,1828,Yield,kg/ha,1872.78681
United Kingdom,Barley,1829,Yield,kg/ha,2057.647027
United Kingdom,Barley,1830,Yield,kg/ha,1826.334229
United Kingdom,Barley,1831,Yield,kg/ha,2558.171109
United Kingdom,Barley,1832,Yield,kg/ha,2466.176333
United Kingdom,Barley,1833,Yield,kg/ha,2261.092817
United Kingdom,Barley,1834,Yield,kg/ha,1944.468875
United Kingdom,Barley,1835,Yield,kg/ha,2374.534328
United Kingdom,Barley,1836,Yield,kg/ha,2014.487304
United Kingdom,Barley,1837,Yield,kg/ha,2036.1022
United Kingdom,Barley,1838,Yield,kg/ha,2392.383273
United Kingdom,Barley,1839,Yield,kg/ha,2716.810143
United Kingdom,Barley,1840,Yield,kg/ha,2642.671702
United Kingdom,Barley,1841,Yield,kg/ha,2246.649342
United Kingdom,Barley,1842,Yield,kg/ha,2427.941145
United Kingdom,Barley,1843,Yield,kg/ha,2176.391984
United Kingdom,Barley,1844,Yield,kg/ha,1890.271954
United Kingdom,Barley,1845,Yield,kg/ha,2314.299976
United Kingdom,Barley,1846,Yield,kg/ha,1969.548891
United Kingdom,Barley,1847,Yield,kg/ha,2637.097472
United Kingdom,Barley,1848,Yield,kg/ha,2342.209485
United Kingdom,Barley,1849,Yield,kg/ha,2358.061488
United Kingdom,Barley,1850,Yield,kg/ha,2045.761702
United Kingdom,Barley,1851,Yield,kg/ha,2233.559281
United Kingdom,Barley,1852,Yield,kg/ha,2175.134734
United Kingdom,Barley,1853,Yield,kg/ha,1873.832775
United Kingdom,Barley,1854,Yield,kg/ha,2513.310796
United Kingdom,Barley,1855,Yield,kg/ha,2442.399044
United Kingdom,Barley,1856,Yield,kg/ha,2306.100003
United Kingdom,Barley,1857,Yield,kg/ha,1861.213132
United Kingdom,Barley,1858,Yield,kg/ha,1787.99117
United Kingdom,Barley,1859,Yield,kg/ha,1581.223729
United Kingdom,Barley,1860,Yield,kg/ha,1624.029601
United Kingdom,Barley,1861,Yield,kg/ha,1965.22751
United Kingdom,Barley,1862,Yield,kg/ha,1755.771152
United Kingdom,Barley,1863,Yield,kg/ha,2339.29347
United Kingdom,Barley,1864,Yield,kg/ha,2580.754639
United Kingdom,Barley,1865,Yield,kg/ha,2358.262499
United Kingdom,Barley,1866,Yield,kg/ha,2206.664631
United Kingdom,Barley,1867,Yield,kg/ha,1848.483987
United Kingdom,Barley,1868,Yield,kg/ha,1859.037982
United Kingdom,Barley,1869,Yield,kg/ha,2307.838688
United Kingdom,Barley,1870,Yield,kg/ha,1628.140843
United Kingdom,Barley,1885,Yield,kg/ha,1960
United Kingdom,Barley,1910,Yield,kg/ha,1960
United Kingdom,Barley,1930,Yield,kg/ha,2020
United Kingdom,Barley,1942,Yield,kg/ha,2370
United Kingdom,Barley,1961,Yield,kg/ha,3262.4
United Kingdom,Barley,1962,Yield,kg/ha,3635.5
United Kingdom,Barley,1963,Yield,kg/ha,3515.5
United Kingdom,Barley,1964,Yield,kg/ha,3694.3
United Kingdom,Barley,1965,Yield,kg/ha,3751.7
United Kingdom,Barley,1966,Yield,kg/ha,3516.2
United Kingdom,Barley,1967,Yield,kg/ha,3777.8
United Kingdom,Barley,1968,Yield,kg/ha,3444.7
United Kingdom,Barley,1969,Yield,kg/ha,3590.3
United Kingdom,Barley,1970,Yield,kg/ha,3356.6
United Kingdom,Barley,1971,Yield,kg/ha,3740
United Kingdom,Barley,1972,Yield,kg/ha,4040.3
United Kingdom,Barley,1973,Yield,kg/ha,3972.2
United Kingdom,Barley,1974,Yield,kg/ha,4124.6
United Kingdom,Barley,1975,Yield,kg/ha,3630.3
United Kingdom,Barley,1976,Yield,kg/ha,3505
United Kingdom,Barley,1977,Yield,kg/ha,4387.2
United Kingdom,Barley,1978,Yield,kg/ha,4188.3
United Kingdom,Barley,1979,Yield,kg/ha,4106.4
United Kingdom,Barley,1980,Yield,kg/ha,4429.4
United Kingdom,Barley,1981,Yield,kg/ha,4396.2
United Kingdom,Barley,1982,Yield,kg/ha,4932.5
United Kingdom,Barley,1983,Yield,kg/ha,4654.9
United Kingdom,Barley,1984,Yield,kg/ha,5590.7
United Kingdom,Barley,1985,Yield,kg/ha,4954.2
United Kingdom,Barley,1986,Yield,kg/ha,5223.8
United Kingdom,Barley,1987,Yield,kg/ha,5043.7
United Kingdom,Barley,1988,Yield,kg/ha,4637.9
United Kingdom,Barley,1989,Yield,kg/ha,4883
United Kingdom,Barley,1990,Yield,kg/ha,5208.8
United Kingdom,Barley,1991,Yield,kg/ha,5476.4
United Kingdom,Barley,1992,Yield,kg/ha,5669.7
United Kingdom,Barley,1993,Yield,kg/ha,5178.4
United Kingdom,Barley,1994,Yield,kg/ha,5371.8
United Kingdom,Barley,1995,Yield,kg/ha,5735.1
United Kingdom,Barley,1996,Yield,kg/ha,6138.7
United Kingdom,Barley,1997,Yield,kg/ha,5760.1
United Kingdom,Barley,1998,Yield,kg/ha,5285.7
United Kingdom,Barley,1999,Yield,kg/ha,5581.8
United Kingdom,Barley,2000,Yield,kg/ha,5755.3
United Kingdom,Barley,2001,Yield,kg/ha,5349.4
United Kingdom,Barley,2002,Yield,kg/ha,5565.8
United Kingdom,Barley,2003,Yield,kg/ha,5909.1
United Kingdom,Barley,2004,Yield,kg/ha,5758.4
United Kingdom,Barley,2005,Yield,kg/ha,5858.2
United Kingdom,Barley,2006,Yield,kg/ha,5939.9
United Kingdom,Barley,2007,Yield,kg/ha,5655.9
United Kingdom,Barley,2008,Yield,kg/ha,5953.5
United Kingdom,Barley,2009,Yield,kg/ha,5833.8
United Kingdom,Barley,2010,Yield,kg/ha,5702.5
United Kingdom,Barley,2011,Yield,kg/ha,5663.9
United Kingdom,Barley,2012,Yield,kg/ha,5511
United Kingdom,Barley,2013,Yield,kg/ha,5846.7
United Kingdom,Barley,2014,Yield,kg/ha,6399.1
United Kingdom,Oats,1270,Yield,kg/ha,783.380328
United Kingdom,Oats,1271,Yield,kg/ha,735.990383
United Kingdom,Oats,1272,Yield,kg/ha,630.633639
United Kingdom,Oats,1273,Yield,kg/ha,706.707484
United Kingdom,Oats,1274,Yield,kg/ha,702.955901
United Kingdom,Oats,1275,Yield,kg/ha,657.519705
United Kingdom,Oats,1276,Yield,kg/ha,692.037366
United Kingdom,Oats,1277,Yield,kg/ha,779.545339
United Kingdom,Oats,1278,Yield,kg/ha,666.832747
United Kingdom,Oats,1279,Yield,kg/ha,547.308436
United Kingdom,Oats,1280,Yield,kg/ha,657.587873
United Kingdom,Oats,1281,Yield,kg/ha,659.193643
United Kingdom,Oats,1282,Yield,kg/ha,713.534541
United Kingdom,Oats,1283,Yield,kg/ha,693.200859
United Kingdom,Oats,1284,Yield,kg/ha,623.347462
United Kingdom,Oats,1285,Yield,kg/ha,707.561239
United Kingdom,Oats,1286,Yield,kg/ha,593.454306
United Kingdom,Oats,1287,Yield,kg/ha,601.824697
United Kingdom,Oats,1288,Yield,kg/ha,671.839291
United Kingdom,Oats,1289,Yield,kg/ha,621.472945
United Kingdom,Oats,1290,Yield,kg/ha,775.006772
United Kingdom,Oats,1291,Yield,kg/ha,592.552092
United Kingdom,Oats,1292,Yield,kg/ha,583.276776
United Kingdom,Oats,1293,Yield,kg/ha,738.360382
United Kingdom,Oats,1294,Yield,kg/ha,612.48761
United Kingdom,Oats,1295,Yield,kg/ha,626.197498
United Kingdom,Oats,1296,Yield,kg/ha,761.876
United Kingdom,Oats,1297,Yield,kg/ha,652.384306
United Kingdom,Oats,1298,Yield,kg/ha,721.165082
United Kingdom,Oats,1299,Yield,kg/ha,646.686279
United Kingdom,Oats,1300,Yield,kg/ha,650.877991
United Kingdom,Oats,1301,Yield,kg/ha,642.931705
United Kingdom,Oats,1302,Yield,kg/ha,640.257256
United Kingdom,Oats,1303,Yield,kg/ha,547.290107
United Kingdom,Oats,1304,Yield,kg/ha,576.04526
United Kingdom,Oats,1305,Yield,kg/ha,526.589043
United Kingdom,Oats,1306,Yield,kg/ha,468.767277
United Kingdom,Oats,1307,Yield,kg/ha,656.481594
United Kingdom,Oats,1308,Yield,kg/ha,750.012615
United Kingdom,Oats,1309,Yield,kg/ha,622.019869
United Kingdom,Oats,1310,Yield,kg/ha,683.028779
United Kingdom,Oats,1311,Yield,kg/ha,630.810405
United Kingdom,Oats,1312,Yield,kg/ha,511.769261
United Kingdom,Oats,1313,Yield,kg/ha,526.785975
United Kingdom,Oats,1314,Yield,kg/ha,631.124336
United Kingdom,Oats,1315,Yield,kg/ha,616.858049
United Kingdom,Oats,1316,Yield,kg/ha,547.540921
United Kingdom,Oats,1317,Yield,kg/ha,533.717118
United Kingdom,Oats,1318,Yield,kg/ha,575.926776
United Kingdom,Oats,1319,Yield,kg/ha,623.107059
United Kingdom,Oats,1320,Yield,kg/ha,676.472269
United Kingdom,Oats,1321,Yield,kg/ha,419.856904
United Kingdom,Oats,1322,Yield,kg/ha,580.337673
United Kingdom,Oats,1323,Yield,kg/ha,656.775298
United Kingdom,Oats,1324,Yield,kg/ha,427.020177
United Kingdom,Oats,1325,Yield,kg/ha,588.65427
United Kingdom,Oats,1326,Yield,kg/ha,581.481643
United Kingdom,Oats,1327,Yield,kg/ha,706.193596
United Kingdom,Oats,1328,Yield,kg/ha,515.233607
United Kingdom,Oats,1329,Yield,kg/ha,586.806948
United Kingdom,Oats,1330,Yield,kg/ha,556.102459
United Kingdom,Oats,1331,Yield,kg/ha,489.199451
United Kingdom,Oats,1332,Yield,kg/ha,617.309279
United Kingdom,Oats,1333,Yield,kg/ha,488.635003
United Kingdom,Oats,1334,Yield,kg/ha,611.719115
United Kingdom,Oats,1335,Yield,kg/ha,600.198464
United Kingdom,Oats,1336,Yield,kg/ha,582.562806
United Kingdom,Oats,1337,Yield,kg/ha,555.368285
United Kingdom,Oats,1338,Yield,kg/ha,697.080759
United Kingdom,Oats,1339,Yield,kg/ha,426.176507
United Kingdom,Oats,1340,Yield,kg/ha,471.729709
United Kingdom,Oats,1341,Yield,kg/ha,632.674671
United Kingdom,Oats,1342,Yield,kg/ha,664.898018
United Kingdom,Oats,1343,Yield,kg/ha,549.88578
United Kingdom,Oats,1344,Yield,kg/ha,605.474708
United Kingdom,Oats,1345,Yield,kg/ha,358.28563
United Kingdom,Oats,1346,Yield,kg/ha,538.294994
United Kingdom,Oats,1347,Yield,kg/ha,658.731418
United Kingdom,Oats,1348,Yield,kg/ha,618.082099
United Kingdom,Oats,1349,Yield,kg/ha,299.886413
United Kingdom,Oats,1350,Yield,kg/ha,343.608761
United Kingdom,Oats,1351,Yield,kg/ha,597.735141
United Kingdom,Oats,1352,Yield,kg/ha,282.124241
United Kingdom,Oats,1353,Yield,kg/ha,428.8277
United Kingdom,Oats,1354,Yield,kg/ha,479.954672
United Kingdom,Oats,1355,Yield,kg/ha,554.086229
United Kingdom,Oats,1356,Yield,kg/ha,359.129814
United Kingdom,Oats,1357,Yield,kg/ha,570.197827
United Kingdom,Oats,1358,Yield,kg/ha,541.482503
United Kingdom,Oats,1359,Yield,kg/ha,559.420449
United Kingdom,Oats,1360,Yield,kg/ha,595.128806
United Kingdom,Oats,1361,Yield,kg/ha,503.29078
United Kingdom,Oats,1362,Yield,kg/ha,566.809353
United Kingdom,Oats,1363,Yield,kg/ha,593.803047
United Kingdom,Oats,1364,Yield,kg/ha,489.870431
United Kingdom,Oats,1365,Yield,kg/ha,513.053208
United Kingdom,Oats,1366,Yield,kg/ha,541.26603
United Kingdom,Oats,1367,Yield,kg/ha,535.130906
United Kingdom,Oats,1368,Yield,kg/ha,435.102724
United Kingdom,Oats,1369,Yield,kg/ha,523.725125
United Kingdom,Oats,1370,Yield,kg/ha,664.699302
United Kingdom,Oats,1371,Yield,kg/ha,696.632714
United Kingdom,Oats,1372,Yield,kg/ha,557.532774
United Kingdom,Oats,1373,Yield,kg/ha,598.629021
United Kingdom,Oats,1374,Yield,kg/ha,632.845333
United Kingdom,Oats,1375,Yield,kg/ha,524.070218
United Kingdom,Oats,1376,Yield,kg/ha,584.026148
United Kingdom,Oats,1377,Yield,kg/ha,687.674383
United Kingdom,Oats,1378,Yield,kg/ha,564.474281
United Kingdom,Oats,1379,Yield,kg/ha,500.767076
United Kingdom,Oats,1380,Yield,kg/ha,565.463911
United Kingdom,Oats,1381,Yield,kg/ha,656.490504
United Kingdom,Oats,1382,Yield,kg/ha,585.559796
United Kingdom,Oats,1383,Yield,kg/ha,607.351619
United Kingdom,Oats,1384,Yield,kg/ha,504.526307
United Kingdom,Oats,1385,Yield,kg/ha,612.981867
United Kingdom,Oats,1386,Yield,kg/ha,588.939156
United Kingdom,Oats,1387,Yield,kg/ha,592.309366
United Kingdom,Oats,1388,Yield,kg/ha,604.963016
United Kingdom,Oats,1389,Yield,kg/ha,475.570976
United Kingdom,Oats,1390,Yield,kg/ha,437.054191
United Kingdom,Oats,1391,Yield,kg/ha,585.57613
United Kingdom,Oats,1392,Yield,kg/ha,594.827265
United Kingdom,Oats,1393,Yield,kg/ha,502.203993
United Kingdom,Oats,1394,Yield,kg/ha,429.41806
United Kingdom,Oats,1395,Yield,kg/ha,587.653125
United Kingdom,Oats,1396,Yield,kg/ha,549.332003
United Kingdom,Oats,1397,Yield,kg/ha,386.321007
United Kingdom,Oats,1398,Yield,kg/ha,628.355701
United Kingdom,Oats,1399,Yield,kg/ha,518.962153
United Kingdom,Oats,1400,Yield,kg/ha,608.485277
United Kingdom,Oats,1401,Yield,kg/ha,473.844193
United Kingdom,Oats,1402,Yield,kg/ha,625.366014
United Kingdom,Oats,1403,Yield,kg/ha,444.236721
United Kingdom,Oats,1404,Yield,kg/ha,492.237502
United Kingdom,Oats,1405,Yield,kg/ha,576.760231
United Kingdom,Oats,1406,Yield,kg/ha,479.684415
United Kingdom,Oats,1407,Yield,kg/ha,396.781061
United Kingdom,Oats,1408,Yield,kg/ha,260.148907
United Kingdom,Oats,1409,Yield,kg/ha,373.310703
United Kingdom,Oats,1410,Yield,kg/ha,592.907168
United Kingdom,Oats,1411,Yield,kg/ha,550.765422
United Kingdom,Oats,1412,Yield,kg/ha,394.936234
United Kingdom,Oats,1413,Yield,kg/ha,300.459258
United Kingdom,Oats,1414,Yield,kg/ha,565.388197
United Kingdom,Oats,1415,Yield,kg/ha,427.395338
United Kingdom,Oats,1416,Yield,kg/ha,417.559628
United Kingdom,Oats,1417,Yield,kg/ha,304.342955
United Kingdom,Oats,1418,Yield,kg/ha,488.196557
United Kingdom,Oats,1419,Yield,kg/ha,809.409394
United Kingdom,Oats,1420,Yield,kg/ha,494.366068
United Kingdom,Oats,1421,Yield,kg/ha,346.068659
United Kingdom,Oats,1422,Yield,kg/ha,432.602063
United Kingdom,Oats,1423,Yield,kg/ha,561.902674
United Kingdom,Oats,1424,Yield,kg/ha,674.302496
United Kingdom,Oats,1425,Yield,kg/ha,520.118027
United Kingdom,Oats,1426,Yield,kg/ha,500.865428
United Kingdom,Oats,1427,Yield,kg/ha,376.574718
United Kingdom,Oats,1428,Yield,kg/ha,898.74541
United Kingdom,Oats,1429,Yield,kg/ha,684.473476
United Kingdom,Oats,1430,Yield,kg/ha,508.3512
United Kingdom,Oats,1431,Yield,kg/ha,889.476516
United Kingdom,Oats,1432,Yield,kg/ha,1231.165609
United Kingdom,Oats,1433,Yield,kg/ha,907.315499
United Kingdom,Oats,1434,Yield,kg/ha,494.459657
United Kingdom,Oats,1435,Yield,kg/ha,603.855133
United Kingdom,Oats,1436,Yield,kg/ha,332.079805
United Kingdom,Oats,1437,Yield,kg/ha,180.348674
United Kingdom,Oats,1438,Yield,kg/ha,520.910459
United Kingdom,Oats,1439,Yield,kg/ha,624.045414
United Kingdom,Oats,1440,Yield,kg/ha,766.470821
United Kingdom,Oats,1441,Yield,kg/ha,334.167211
United Kingdom,Oats,1442,Yield,kg/ha,389.791204
United Kingdom,Oats,1443,Yield,kg/ha,973.435436
United Kingdom,Oats,1444,Yield,kg/ha,955.688902
United Kingdom,Oats,1445,Yield,kg/ha,892.526775
United Kingdom,Oats,1446,Yield,kg/ha,984.543739
United Kingdom,Oats,1447,Yield,kg/ha,354.580737
United Kingdom,Oats,1448,Yield,kg/ha,1558.256573
United Kingdom,Oats,1449,Yield,kg/ha,368.69915
United Kingdom,Oats,1450,Yield,kg/ha,655.554603
United Kingdom,Oats,1451,Yield,kg/ha,655.554603
United Kingdom,Oats,1452,Yield,kg/ha,712.385897
United Kingdom,Oats,1453,Yield,kg/ha,881.075897
United Kingdom,Oats,1454,Yield,kg/ha,407.781682
United Kingdom,Oats,1455,Yield,kg/ha,539.185512
United Kingdom,Oats,1456,Yield,kg/ha,670.589341
United Kingdom,Oats,1457,Yield,kg/ha,363.278831
United Kingdom,Oats,1458,Yield,kg/ha,705.469912
United Kingdom,Oats,1459,Yield,kg/ha,602.632128
United Kingdom,Oats,1460,Yield,kg/ha,499.794345
United Kingdom,Oats,1461,Yield,kg/ha,676.603271
United Kingdom,Oats,1462,Yield,kg/ha,497.388942
United Kingdom,Oats,1463,Yield,kg/ha,126.631726
United Kingdom,Oats,1464,Yield,kg/ha,432.438657
United Kingdom,Oats,1465,Yield,kg/ha,479.64785
United Kingdom,Oats,1466,Yield,kg/ha,526.857043
United Kingdom,Oats,1467,Yield,kg/ha,206.316044
United Kingdom,Oats,1468,Yield,kg/ha,558.730697
United Kingdom,Oats,1469,Yield,kg/ha,490.172074
United Kingdom,Oats,1470,Yield,kg/ha,448.676342
United Kingdom,Oats,1471,Yield,kg/ha,288.105021
United Kingdom,Oats,1472,Yield,kg/ha,292.916236
United Kingdom,Oats,1473,Yield,kg/ha,381.320486
United Kingdom,Oats,1474,Yield,kg/ha,695.246175
United Kingdom,Oats,1475,Yield,kg/ha,494.983358
United Kingdom,Oats,1476,Yield,kg/ha,1056.681909
United Kingdom,Oats,1477,Yield,kg/ha,1001.353962
United Kingdom,Oats,1478,Yield,kg/ha,595.415529
United Kingdom,Oats,1479,Yield,kg/ha,405.075508
United Kingdom,Oats,1480,Yield,kg/ha,579.177834
United Kingdom,Oats,1481,Yield,kg/ha,672.994735
United Kingdom,Oats,1482,Yield,kg/ha,766.811636
United Kingdom,Oats,1483,Yield,kg/ha,328.999582
United Kingdom,Oats,1484,Yield,kg/ha,631.49886
United Kingdom,Oats,1485,Yield,kg/ha,359.670511
United Kingdom,Oats,1486,Yield,kg/ha,1070.513737
United Kingdom,Oats,1487,Yield,kg/ha,627.289103
United Kingdom,Oats,1488,Yield,kg/ha,627.289103
United Kingdom,Oats,1489,Yield,kg/ha,627.289103
United Kingdom,Oats,1490,Yield,kg/ha,558.730697
United Kingdom,Oats,1491,Yield,kg/ha,187.071592
United Kingdom,Oats,1492,Yield,kg/ha,425.823371
United Kingdom,Oats,1493,Yield,kg/ha,425.823371
United Kingdom,Oats,1494,Yield,kg/ha,575.268849
United Kingdom,Oats,1495,Yield,kg/ha,724.714327
United Kingdom,Oats,1549,Yield,kg/ha,NA
United Kingdom,Oats,1550,Yield,kg/ha,NA
United Kingdom,Oats,1551,Yield,kg/ha,NA
United Kingdom,Oats,1552,Yield,kg/ha,NA
United Kingdom,Oats,1553,Yield,kg/ha,758.625821
United Kingdom,Oats,1554,Yield,kg/ha,746.525133
United Kingdom,Oats,1555,Yield,kg/ha,804.814004
United Kingdom,Oats,1556,Yield,kg/ha,258.28527
United Kingdom,Oats,1557,Yield,kg/ha,798.159356
United Kingdom,Oats,1558,Yield,kg/ha,819.149997
United Kingdom,Oats,1559,Yield,kg/ha,987.268095
United Kingdom,Oats,1560,Yield,kg/ha,865.351919
United Kingdom,Oats,1561,Yield,kg/ha,1611.102143
United Kingdom,Oats,1562,Yield,kg/ha,363.434048
United Kingdom,Oats,1563,Yield,kg/ha,302.47596
United Kingdom,Oats,1564,Yield,kg/ha,1124.259837
United Kingdom,Oats,1565,Yield,kg/ha,495.26954
United Kingdom,Oats,1566,Yield,kg/ha,741.081482
United Kingdom,Oats,1567,Yield,kg/ha,1066.500983
United Kingdom,Oats,1568,Yield,kg/ha,771.39756
United Kingdom,Oats,1569,Yield,kg/ha,848.482774
United Kingdom,Oats,1570,Yield,kg/ha,722.486513
United Kingdom,Oats,1571,Yield,kg/ha,450.464307
United Kingdom,Oats,1572,Yield,kg/ha,418.055889
United Kingdom,Oats,1573,Yield,kg/ha,674.764794
United Kingdom,Oats,1574,Yield,kg/ha,700.291525
United Kingdom,Oats,1575,Yield,kg/ha,858.328962
United Kingdom,Oats,1576,Yield,kg/ha,465.389274
United Kingdom,Oats,1577,Yield,kg/ha,953.024449
United Kingdom,Oats,1578,Yield,kg/ha,817.856177
United Kingdom,Oats,1579,Yield,kg/ha,1051.794446
United Kingdom,Oats,1580,Yield,kg/ha,673.421741
United Kingdom,Oats,1581,Yield,kg/ha,1707.891669
United Kingdom,Oats,1582,Yield,kg/ha,395.697223
United Kingdom,Oats,1583,Yield,kg/ha,2157.607232
United Kingdom,Oats,1584,Yield,kg/ha,979.376331
United Kingdom,Oats,1585,Yield,kg/ha,964.785909
United Kingdom,Oats,1586,Yield,kg/ha,948.603616
United Kingdom,Oats,1587,Yield,kg/ha,626.056597
United Kingdom,Oats,1588,Yield,kg/ha,1033.039158
United Kingdom,Oats,1589,Yield,kg/ha,508.666133
United Kingdom,Oats,1590,Yield,kg/ha,1055.051411
United Kingdom,Oats,1591,Yield,kg/ha,764.335044
United Kingdom,Oats,1592,Yield,kg/ha,397.325706
United Kingdom,Oats,1593,Yield,kg/ha,898.090176
United Kingdom,Oats,1594,Yield,kg/ha,841.101087
United Kingdom,Oats,1595,Yield,kg/ha,433.703416
United Kingdom,Oats,1596,Yield,kg/ha,472.482184
United Kingdom,Oats,1597,Yield,kg/ha,290.350543
United Kingdom,Oats,1598,Yield,kg/ha,527.577049
United Kingdom,Oats,1599,Yield,kg/ha,921.565574
United Kingdom,Oats,1600,Yield,kg/ha,747.930095
United Kingdom,Oats,1601,Yield,kg/ha,744.135863
United Kingdom,Oats,1602,Yield,kg/ha,832.579708
United Kingdom,Oats,1603,Yield,kg/ha,1387.543696
United Kingdom,Oats,1604,Yield,kg/ha,913.740231
United Kingdom,Oats,1605,Yield,kg/ha,907.216859
United Kingdom,Oats,1606,Yield,kg/ha,648.026494
United Kingdom,Oats,1607,Yield,kg/ha,965.035339
United Kingdom,Oats,1608,Yield,kg/ha,1201.323084
United Kingdom,Oats,1609,Yield,kg/ha,874.284766
United Kingdom,Oats,1610,Yield,kg/ha,1715.663995
United Kingdom,Oats,1611,Yield,kg/ha,721.941661
United Kingdom,Oats,1612,Yield,kg/ha,707.562886
United Kingdom,Oats,1613,Yield,kg/ha,895.024829
United Kingdom,Oats,1614,Yield,kg/ha,1017.592682
United Kingdom,Oats,1615,Yield,kg/ha,934.197551
United Kingdom,Oats,1616,Yield,kg/ha,582.127613
United Kingdom,Oats,1617,Yield,kg/ha,1083.71251
United Kingdom,Oats,1618,Yield,kg/ha,1277.365617
United Kingdom,Oats,1619,Yield,kg/ha,1116.35211
United Kingdom,Oats,1620,Yield,kg/ha,1144.4871
United Kingdom,Oats,1621,Yield,kg/ha,2091.788285
United Kingdom,Oats,1622,Yield,kg/ha,1228.952903
United Kingdom,Oats,1623,Yield,kg/ha,1240.306528
United Kingdom,Oats,1624,Yield,kg/ha,1246.322849
United Kingdom,Oats,1625,Yield,kg/ha,1672.913032
United Kingdom,Oats,1626,Yield,kg/ha,1295.498278
United Kingdom,Oats,1627,Yield,kg/ha,2229.094888
United Kingdom,Oats,1628,Yield,kg/ha,1324.826022
United Kingdom,Oats,1629,Yield,kg/ha,973.519412
United Kingdom,Oats,1630,Yield,kg/ha,967.68345
United Kingdom,Oats,1631,Yield,kg/ha,960.672119
United Kingdom,Oats,1632,Yield,kg/ha,836.344989
United Kingdom,Oats,1633,Yield,kg/ha,1507.497783
United Kingdom,Oats,1634,Yield,kg/ha,1086.185868
United Kingdom,Oats,1635,Yield,kg/ha,992.75465
United Kingdom,Oats,1636,Yield,kg/ha,595.242809
United Kingdom,Oats,1637,Yield,kg/ha,803.161267
United Kingdom,Oats,1638,Yield,kg/ha,781.988791
United Kingdom,Oats,1639,Yield,kg/ha,1335.89957
United Kingdom,Oats,1640,Yield,kg/ha,1151.005578
United Kingdom,Oats,1641,Yield,kg/ha,813.476955
United Kingdom,Oats,1642,Yield,kg/ha,1070.221652
United Kingdom,Oats,1643,Yield,kg/ha,1117.666776
United Kingdom,Oats,1644,Yield,kg/ha,426.097555
United Kingdom,Oats,1645,Yield,kg/ha,1209.676824
United Kingdom,Oats,1646,Yield,kg/ha,970.37023
United Kingdom,Oats,1647,Yield,kg/ha,522.987429
United Kingdom,Oats,1648,Yield,kg/ha,931.855838
United Kingdom,Oats,1649,Yield,kg/ha,994.793804
United Kingdom,Oats,1650,Yield,kg/ha,1093.66217
United Kingdom,Oats,1651,Yield,kg/ha,330.804248
United Kingdom,Oats,1652,Yield,kg/ha,459.201796
United Kingdom,Oats,1653,Yield,kg/ha,844.37736
United Kingdom,Oats,1654,Yield,kg/ha,1007.204693
United Kingdom,Oats,1655,Yield,kg/ha,1248.20296
United Kingdom,Oats,1656,Yield,kg/ha,1097.044742
United Kingdom,Oats,1657,Yield,kg/ha,898.632281
United Kingdom,Oats,1658,Yield,kg/ha,646.344378
United Kingdom,Oats,1659,Yield,kg/ha,468.639106
United Kingdom,Oats,1660,Yield,kg/ha,833.911351
United Kingdom,Oats,1661,Yield,kg/ha,805.026931
United Kingdom,Oats,1662,Yield,kg/ha,751.586688
United Kingdom,Oats,1663,Yield,kg/ha,769.702451
United Kingdom,Oats,1664,Yield,kg/ha,774.308169
United Kingdom,Oats,1665,Yield,kg/ha,665.523733
United Kingdom,Oats,1666,Yield,kg/ha,1277.447661
United Kingdom,Oats,1667,Yield,kg/ha,969.443389
United Kingdom,Oats,1668,Yield,kg/ha,897.299243
United Kingdom,Oats,1669,Yield,kg/ha,528.335527
United Kingdom,Oats,1670,Yield,kg/ha,709.875027
United Kingdom,Oats,1671,Yield,kg/ha,782.089333
United Kingdom,Oats,1672,Yield,kg/ha,1008.984385
United Kingdom,Oats,1673,Yield,kg/ha,651.096589
United Kingdom,Oats,1674,Yield,kg/ha,405.353328
United Kingdom,Oats,1675,Yield,kg/ha,1079.558826
United Kingdom,Oats,1676,Yield,kg/ha,834.491231
United Kingdom,Oats,1677,Yield,kg/ha,923.706233
United Kingdom,Oats,1678,Yield,kg/ha,776.392936
United Kingdom,Oats,1679,Yield,kg/ha,948.172518
United Kingdom,Oats,1680,Yield,kg/ha,1238.398098
United Kingdom,Oats,1681,Yield,kg/ha,669.180451
United Kingdom,Oats,1682,Yield,kg/ha,363.322965
United Kingdom,Oats,1683,Yield,kg/ha,1028.695056
United Kingdom,Oats,1684,Yield,kg/ha,621.070646
United Kingdom,Oats,1685,Yield,kg/ha,524.201506
United Kingdom,Oats,1686,Yield,kg/ha,804.559858
United Kingdom,Oats,1687,Yield,kg/ha,861.692681
United Kingdom,Oats,1688,Yield,kg/ha,522.320986
United Kingdom,Oats,1689,Yield,kg/ha,735.653621
United Kingdom,Oats,1690,Yield,kg/ha,318.28472
United Kingdom,Oats,1691,Yield,kg/ha,1189.145433
United Kingdom,Oats,1692,Yield,kg/ha,694.040281
United Kingdom,Oats,1693,Yield,kg/ha,1238.678163
United Kingdom,Oats,1694,Yield,kg/ha,972.276993
United Kingdom,Oats,1695,Yield,kg/ha,516.611198
United Kingdom,Oats,1696,Yield,kg/ha,845.146505
United Kingdom,Oats,1697,Yield,kg/ha,638.283359
United Kingdom,Oats,1698,Yield,kg/ha,640.688924
United Kingdom,Oats,1699,Yield,kg/ha,494.52816
United Kingdom,Oats,1700,Yield,kg/ha,579.148984
United Kingdom,Oats,1701,Yield,kg/ha,489.105004
United Kingdom,Oats,1702,Yield,kg/ha,764.740465
United Kingdom,Oats,1703,Yield,kg/ha,705.747775
United Kingdom,Oats,1704,Yield,kg/ha,1265.597807
United Kingdom,Oats,1705,Yield,kg/ha,1006.557994
United Kingdom,Oats,1706,Yield,kg/ha,897.704369
United Kingdom,Oats,1707,Yield,kg/ha,780.486594
United Kingdom,Oats,1708,Yield,kg/ha,473.698856
United Kingdom,Oats,1709,Yield,kg/ha,569.710041
United Kingdom,Oats,1710,Yield,kg/ha,431.912413
United Kingdom,Oats,1711,Yield,kg/ha,956.161591
United Kingdom,Oats,1712,Yield,kg/ha,548.010314
United Kingdom,Oats,1713,Yield,kg/ha,1156.262489
United Kingdom,Oats,1714,Yield,kg/ha,1046.761109
United Kingdom,Oats,1715,Yield,kg/ha,801.95464
United Kingdom,Oats,1716,Yield,kg/ha,742.499562
United Kingdom,Oats,1717,Yield,kg/ha,1012.909014
United Kingdom,Oats,1718,Yield,kg/ha,627.367373
United Kingdom,Oats,1719,Yield,kg/ha,263.914007
United Kingdom,Oats,1720,Yield,kg/ha,1584.570382
United Kingdom,Oats,1721,Yield,kg/ha,1201.444528
United Kingdom,Oats,1722,Yield,kg/ha,696.967555
United Kingdom,Oats,1723,Yield,kg/ha,691.334317
United Kingdom,Oats,1724,Yield,kg/ha,1167.889331
United Kingdom,Oats,1725,Yield,kg/ha,1583.528473
United Kingdom,Oats,1726,Yield,kg/ha,1624.468184
United Kingdom,Oats,1727,Yield,kg/ha,1194.60736
United Kingdom,Oats,1728,Yield,kg/ha,1183.09437
United Kingdom,Oats,1729,Yield,kg/ha,1323.992098
United Kingdom,Oats,1730,Yield,kg/ha,1438.558664
United Kingdom,Oats,1731,Yield,kg/ha,484.588891
United Kingdom,Oats,1732,Yield,kg/ha,1042.565072
United Kingdom,Oats,1733,Yield,kg/ha,878.846932
United Kingdom,Oats,1734,Yield,kg/ha,1343.439254
United Kingdom,Oats,1735,Yield,kg/ha,1582.011312
United Kingdom,Oats,1736,Yield,kg/ha,1009.16367
United Kingdom,Oats,1737,Yield,kg/ha,1235.723496
United Kingdom,Oats,1738,Yield,kg/ha,684.516605
United Kingdom,Oats,1739,Yield,kg/ha,1252.814911
United Kingdom,Oats,1740,Yield,kg/ha,1491.627353
United Kingdom,Oats,1741,Yield,kg/ha,1155.178538
United Kingdom,Oats,1742,Yield,kg/ha,724.656743
United Kingdom,Oats,1743,Yield,kg/ha,1672.636288
United Kingdom,Oats,1744,Yield,kg/ha,1429.886735
United Kingdom,Oats,1745,Yield,kg/ha,1923.184793
United Kingdom,Oats,1746,Yield,kg/ha,1944.832386
United Kingdom,Oats,1747,Yield,kg/ha,1159.191515
United Kingdom,Oats,1748,Yield,kg/ha,1867.461788
United Kingdom,Oats,1749,Yield,kg/ha,1647.428334
United Kingdom,Oats,1750,Yield,kg/ha,826.374609
United Kingdom,Oats,1751,Yield,kg/ha,1503.328601
United Kingdom,Oats,1752,Yield,kg/ha,1940.258599
United Kingdom,Oats,1753,Yield,kg/ha,1490.673483
United Kingdom,Oats,1754,Yield,kg/ha,1861.654141
United Kingdom,Oats,1755,Yield,kg/ha,1371.918169
United Kingdom,Oats,1756,Yield,kg/ha,1367.391587
United Kingdom,Oats,1757,Yield,kg/ha,2000.393194
United Kingdom,Oats,1758,Yield,kg/ha,2498.751008
United Kingdom,Oats,1759,Yield,kg/ha,1433.799343
United Kingdom,Oats,1760,Yield,kg/ha,2264.387735
United Kingdom,Oats,1761,Yield,kg/ha,1921.826996
United Kingdom,Oats,1762,Yield,kg/ha,1012.355345
United Kingdom,Oats,1763,Yield,kg/ha,1013.250714
United Kingdom,Oats,1764,Yield,kg/ha,1855.652999
United Kingdom,Oats,1765,Yield,kg/ha,1063.936879
United Kingdom,Oats,1766,Yield,kg/ha,1316.512186
United Kingdom,Oats,1767,Yield,kg/ha,1401.911406
United Kingdom,Oats,1768,Yield,kg/ha,1565.181287
United Kingdom,Oats,1769,Yield,kg/ha,1375.551901
United Kingdom,Oats,1770,Yield,kg/ha,1223.24989
United Kingdom,Oats,1771,Yield,kg/ha,1524.0906
United Kingdom,Oats,1772,Yield,kg/ha,1094.289713
United Kingdom,Oats,1773,Yield,kg/ha,1261.219055
United Kingdom,Oats,1774,Yield,kg/ha,1352.850271
United Kingdom,Oats,1775,Yield,kg/ha,1329.442304
United Kingdom,Oats,1776,Yield,kg/ha,2008.44804
United Kingdom,Oats,1777,Yield,kg/ha,1550.645696
United Kingdom,Oats,1778,Yield,kg/ha,1535.378217
United Kingdom,Oats,1779,Yield,kg/ha,2017.587536
United Kingdom,Oats,1780,Yield,kg/ha,2009.86191
United Kingdom,Oats,1781,Yield,kg/ha,1763.061961
United Kingdom,Oats,1782,Yield,kg/ha,1314.072281
United Kingdom,Oats,1783,Yield,kg/ha,1573.355328
United Kingdom,Oats,1784,Yield,kg/ha,1528.839071
United Kingdom,Oats,1785,Yield,kg/ha,1723.126994
United Kingdom,Oats,1786,Yield,kg/ha,1815.51182
United Kingdom,Oats,1787,Yield,kg/ha,1263.067417
United Kingdom,Oats,1788,Yield,kg/ha,1093.370936
United Kingdom,Oats,1789,Yield,kg/ha,1705.959405
United Kingdom,Oats,1790,Yield,kg/ha,1894.959189
United Kingdom,Oats,1791,Yield,kg/ha,1507.52469
United Kingdom,Oats,1792,Yield,kg/ha,2352.009253
United Kingdom,Oats,1793,Yield,kg/ha,819.963574
United Kingdom,Oats,1794,Yield,kg/ha,619.577626
United Kingdom,Oats,1795,Yield,kg/ha,2201.299697
United Kingdom,Oats,1796,Yield,kg/ha,3225.39596
United Kingdom,Oats,1797,Yield,kg/ha,1966.799397
United Kingdom,Oats,1798,Yield,kg/ha,2416.540641
United Kingdom,Oats,1799,Yield,kg/ha,1479.651196
United Kingdom,Oats,1800,Yield,kg/ha,1891.742923
United Kingdom,Oats,1801,Yield,kg/ha,2612.04856
United Kingdom,Oats,1802,Yield,kg/ha,2519.355884
United Kingdom,Oats,1803,Yield,kg/ha,1438.329377
United Kingdom,Oats,1804,Yield,kg/ha,1374.054933
United Kingdom,Oats,1805,Yield,kg/ha,1416.026436
United Kingdom,Oats,1806,Yield,kg/ha,1345.266924
United Kingdom,Oats,1807,Yield,kg/ha,1673.865017
United Kingdom,Oats,1808,Yield,kg/ha,1400.676002
United Kingdom,Oats,1809,Yield,kg/ha,1964.577042
United Kingdom,Oats,1810,Yield,kg/ha,2073.717316
United Kingdom,Oats,1811,Yield,kg/ha,1602.499404
United Kingdom,Oats,1812,Yield,kg/ha,1814.696634
United Kingdom,Oats,1813,Yield,kg/ha,1771.996715
United Kingdom,Oats,1814,Yield,kg/ha,1892.997934
United Kingdom,Oats,1815,Yield,kg/ha,1974.818794
United Kingdom,Oats,1816,Yield,kg/ha,1719.253051
United Kingdom,Oats,1817,Yield,kg/ha,1684.850741
United Kingdom,Oats,1818,Yield,kg/ha,1542.372137
United Kingdom,Oats,1819,Yield,kg/ha,2324.024307
United Kingdom,Oats,1820,Yield,kg/ha,2203.118797
United Kingdom,Oats,1821,Yield,kg/ha,1956.828463
United Kingdom,Oats,1822,Yield,kg/ha,1507.810265
United Kingdom,Oats,1823,Yield,kg/ha,2004.277438
United Kingdom,Oats,1824,Yield,kg/ha,1789.745341
United Kingdom,Oats,1825,Yield,kg/ha,1330.526513
United Kingdom,Oats,1826,Yield,kg/ha,1115.626678
United Kingdom,Oats,1827,Yield,kg/ha,1853.652006
United Kingdom,Oats,1828,Yield,kg/ha,1970.373528
United Kingdom,Oats,1829,Yield,kg/ha,2017.25773
United Kingdom,Oats,1830,Yield,kg/ha,2263.875639
United Kingdom,Oats,1831,Yield,kg/ha,2438.667354
United Kingdom,Oats,1832,Yield,kg/ha,2589.456294
United Kingdom,Oats,1833,Yield,kg/ha,2123.298239
United Kingdom,Oats,1834,Yield,kg/ha,1967.130913
United Kingdom,Oats,1835,Yield,kg/ha,2407.537988
United Kingdom,Oats,1836,Yield,kg/ha,2456.801525
United Kingdom,Oats,1837,Yield,kg/ha,2433.131296
United Kingdom,Oats,1838,Yield,kg/ha,2348.678739
United Kingdom,Oats,1839,Yield,kg/ha,2555.965572
United Kingdom,Oats,1840,Yield,kg/ha,3101.200129
United Kingdom,Oats,1841,Yield,kg/ha,2665.401385
United Kingdom,Oats,1842,Yield,kg/ha,2085.142006
United Kingdom,Oats,1843,Yield,kg/ha,2972.039012
United Kingdom,Oats,1844,Yield,kg/ha,2259.55056
United Kingdom,Oats,1845,Yield,kg/ha,2768.771688
United Kingdom,Oats,1846,Yield,kg/ha,2004.444884
United Kingdom,Oats,1847,Yield,kg/ha,1936.625576
United Kingdom,Oats,1848,Yield,kg/ha,1916.616217
United Kingdom,Oats,1849,Yield,kg/ha,2757.880133
United Kingdom,Oats,1850,Yield,kg/ha,2734.978728
United Kingdom,Oats,1851,Yield,kg/ha,2934.401239
United Kingdom,Oats,1852,Yield,kg/ha,2333.089854
United Kingdom,Oats,1853,Yield,kg/ha,1560.065221
United Kingdom,Oats,1854,Yield,kg/ha,2334.28721
United Kingdom,Oats,1855,Yield,kg/ha,2601.25674
United Kingdom,Oats,1856,Yield,kg/ha,2599.041105
United Kingdom,Oats,1857,Yield,kg/ha,1706.155011
United Kingdom,Oats,1858,Yield,kg/ha,2206.17915
United Kingdom,Oats,1859,Yield,kg/ha,2152.87366
United Kingdom,Oats,1860,Yield,kg/ha,1871.117611
United Kingdom,Oats,1861,Yield,kg/ha,2296.821098
United Kingdom,Oats,1862,Yield,kg/ha,2050.390357
United Kingdom,Oats,1863,Yield,kg/ha,2885.964021
United Kingdom,Oats,1864,Yield,kg/ha,2355.534555
United Kingdom,Oats,1865,Yield,kg/ha,2250.111728
United Kingdom,Oats,1866,Yield,kg/ha,2816.922539
United Kingdom,Oats,1867,Yield,kg/ha,2279.776517
United Kingdom,Oats,1868,Yield,kg/ha,1774.359509
United Kingdom,Oats,1869,Yield,kg/ha,2916.724812
United Kingdom,Oats,1870,Yield,kg/ha,2906.610793
United Kingdom,Oats,1885,Yield,kg/ha,1660
United Kingdom,Oats,1910,Yield,kg/ha,1710
United Kingdom,Oats,1930,Yield,kg/ha,1970
United Kingdom,Oats,1942,Yield,kg/ha,2160
United Kingdom,Oats,1961,Yield,kg/ha,2643.1
United Kingdom,Oats,1962,Yield,kg/ha,2880.9
United Kingdom,Oats,1963,Yield,kg/ha,2798.5
United Kingdom,Oats,1964,Yield,kg/ha,2961.5
United Kingdom,Oats,1965,Yield,kg/ha,3017.7
United Kingdom,Oats,1966,Yield,kg/ha,3057.8
United Kingdom,Oats,1967,Yield,kg/ha,3384.7
United Kingdom,Oats,1968,Yield,kg/ha,3218.7
United Kingdom,Oats,1969,Yield,kg/ha,3421.2
United Kingdom,Oats,1970,Yield,kg/ha,3234.7
United Kingdom,Oats,1971,Yield,kg/ha,3751.3
United Kingdom,Oats,1972,Yield,kg/ha,3962.9
United Kingdom,Oats,1973,Yield,kg/ha,3830.4
United Kingdom,Oats,1974,Yield,kg/ha,3745.1
United Kingdom,Oats,1975,Yield,kg/ha,3412
United Kingdom,Oats,1976,Yield,kg/ha,3251.1
United Kingdom,Oats,1977,Yield,kg/ha,4057.9
United Kingdom,Oats,1978,Yield,kg/ha,3910.5
United Kingdom,Oats,1979,Yield,kg/ha,3991.3
United Kingdom,Oats,1980,Yield,kg/ha,4064.2
United Kingdom,Oats,1981,Yield,kg/ha,4305.6
United Kingdom,Oats,1982,Yield,kg/ha,4457.4
United Kingdom,Oats,1983,Yield,kg/ha,4314.8
United Kingdom,Oats,1984,Yield,kg/ha,4877.4
United Kingdom,Oats,1985,Yield,kg/ha,4582.1
United Kingdom,Oats,1986,Yield,kg/ha,5185.6
United Kingdom,Oats,1987,Yield,kg/ha,4545.5
United Kingdom,Oats,1988,Yield,kg/ha,4566.7
United Kingdom,Oats,1989,Yield,kg/ha,4462.7
United Kingdom,Oats,1990,Yield,kg/ha,4971.9
United Kingdom,Oats,1991,Yield,kg/ha,5067.8
United Kingdom,Oats,1992,Yield,kg/ha,5008.3
United Kingdom,Oats,1993,Yield,kg/ha,5232.7
United Kingdom,Oats,1994,Yield,kg/ha,5486.2
United Kingdom,Oats,1995,Yield,kg/ha,5508.9
United Kingdom,Oats,1996,Yield,kg/ha,6145.8
United Kingdom,Oats,1997,Yield,kg/ha,5770
United Kingdom,Oats,1998,Yield,kg/ha,5979.6
United Kingdom,Oats,1999,Yield,kg/ha,5880.4
United Kingdom,Oats,2000,Yield,kg/ha,5871.6
United Kingdom,Oats,2001,Yield,kg/ha,5544.6
United Kingdom,Oats,2002,Yield,kg/ha,5976.2
United Kingdom,Oats,2003,Yield,kg/ha,6139.3
United Kingdom,Oats,2004,Yield,kg/ha,5805.6
United Kingdom,Oats,2005,Yield,kg/ha,5846.2
United Kingdom,Oats,2006,Yield,kg/ha,6016.5
United Kingdom,Oats,2007,Yield,kg/ha,5519.4
United Kingdom,Oats,2008,Yield,kg/ha,5803.3
United Kingdom,Oats,2009,Yield,kg/ha,5767.4
United Kingdom,Oats,2010,Yield,kg/ha,5524.2
United Kingdom,Oats,2011,Yield,kg/ha,5623.9
United Kingdom,Oats,2012,Yield,kg/ha,5139.3
United Kingdom,Oats,2013,Yield,kg/ha,5446.3
United Kingdom,Oats,2014,Yield,kg/ha,5985.4
