Area,Year,Crop,CropType,Measurement,Unit,Value
USA,2019,Barley,Barley, Organic,PRODUCTION, BU,3792565
USA,2019,Beans,Beans, Dry Edible, Black, Organic,PRODUCTION, CWT,189924
USA,2019,Beans,Beans, Dry Edible, Incl Chickpeas, Organic,PRODUCTION, CWT,428208
USA,2019,Beans,Beans, Dry Edible, Other, Organic,PRODUCTION, CWT,85205
USA,2019,Beans,Beans, Dry Edible, Pinto, Organic,PRODUCTION, CWT,153079
USA,2019,Buckwheat,Buckwheat, Organic,PRODUCTION, BU,147100
USA,2019,Chickpeas,Chickpeas, Organic,PRODUCTION, CWT,105458
USA,2019,Corn,Corn, Grain, Organic,PRODUCTION, BU,37856835
USA,2019,Corn,Corn, Silage, Organic,PRODUCTIONTONS, TONS,930899
USA,2019,Cotton,Cotton, Organic,PRODUCTIONBALES, BALES,30280
USA,2019,Emmer & Spelt,Emmer & Spelt, Organic,PRODUCTION, BU,382961
USA,2019,Field Crops, Other,Field Crops, Other, Organic,PRODUCTIONLB, LB,29946924
USA,2019,Flaxseed,Flaxseed, Organic,PRODUCTION, BU,88994
USA,2019,Hay,Hay, (Excl Alfalfa), Organic,PRODUCTIONTONS, TONS,603557
USA,2019,Hay,Hay, Alfalfa, Organic,PRODUCTIONTONS, TONS,1184200
USA,2019,Hay,Hay, Organic,PRODUCTIONTONS, TONS,1787757
USA,2019,Haylage,Haylage, (Excl Alfalfa), Organic,PRODUCTIONTONS, TONS,753152
USA,2019,Haylage,Haylage, Alfalfa, Organic,PRODUCTIONTONS, TONS,610015
USA,2019,Haylage,Haylage, Organic,PRODUCTIONTONS, TONS,1363167
USA,2019,Herbs,Herbs, Dry, Organic,PRODUCTIONLB, LB,3368438
USA,2019,Hops,Hops, Organic,PRODUCTIONLB, LB,734688
USA,2019,Lentils,Lentils, Organic,PRODUCTION, CWT,101398
USA,2019,Maple Syrup,Maple Syrup, Organic,PRODUCTIONGALLONS, GALLONS,2600424
USA,2019,Millet,Millet, Proso, Organic,PRODUCTION, BU,316398
USA,2019,Oats,Oats, Organic,PRODUCTION, BU,2981264
USA,2019,Peanuts,Peanuts, Organic,PRODUCTIONLB, LB,76721394
USA,2019,Peas,Peas, Austrian Winter, Organic,PRODUCTION, CWT,19767
USA,2019,Peas,Peas, Dry Edible, Organic,PRODUCTION, CWT,254890
USA,2019,Popcorn,Popcorn, Organic, Shelled,PRODUCTIONLB, LB,22681485
USA,2019,Rice,Rice, Organic,PRODUCTION, CWT,1814225
USA,2019,Rye,Rye, Organic,PRODUCTION, BU,345287
USA,2019,Safflower,Safflower, Organic,PRODUCTIONLB, LB,2394926
USA,2019,Sorghum,Sorghum, Grain, Organic,PRODUCTION, BU,328065
USA,2019,Sorghum,Sorghum, Silage, Organic,PRODUCTIONTONS, TONS,97389
USA,2019,Soybeans,Soybeans, Organic,PRODUCTION, BU,5757938
USA,2019,Sunflower,Sunflower, Organic,PRODUCTIONLB, LB,6717826
USA,2019,Tobacco,Tobacco, Organic,PRODUCTIONLB, LB,13087326
USA,2019,Triticale,Triticale, Organic,PRODUCTION, BU,268268
USA,2019,Wheat,Wheat, Organic,PRODUCTION, BU,14192924
USA,2019,Wheat,Wheat, Spring, (Excl Durum), Organic,PRODUCTION, BU,4079899
USA,2019,Wheat,Wheat, Spring, Durum, Organic,PRODUCTION, BU,565662
USA,2019,Wheat,Wheat, Winter, Organic,PRODUCTION, BU,9547363
USA,2019,Wild Rice,Wild Rice, Organic,PRODUCTION, FINISHED BASIS, CWT, FINISHED BASIS,26335
USA,2016,Barley,Barley, Organic,PRODUCTION, BU,2717771
USA,2016,Beans,Beans, Dry Edible, Black, Organic,PRODUCTION, CWT,171134
USA,2016,Beans,Beans, Dry Edible, Incl Chickpeas, Organic,PRODUCTION, CWT,395647
USA,2016,Beans,Beans, Dry Edible, Other, Organic,PRODUCTION, CWT,133131
USA,2016,Beans,Beans, Dry Edible, Pinto, Organic,PRODUCTION, CWT,91382
USA,2016,Buckwheat,Buckwheat, Organic,PRODUCTION, BU,134361
USA,2016,Canola,Canola, Organic,PRODUCTIONLB, LB,305000
USA,2016,Chickpeas,Chickpeas, Organic,PRODUCTION, CWT,33963
USA,2016,Corn,Corn, Grain, Organic,PRODUCTION, BU,25562804
USA,2016,Corn,Corn, Silage, Organic,PRODUCTIONTONS, TONS,726014
USA,2016,Cotton,Cotton, Organic,PRODUCTIONBALES, BALES,19244
USA,2016,Emmer & Spelt,Emmer & Spelt, Organic,PRODUCTION, BU,522459
USA,2016,Flaxseed,Flaxseed, Organic,PRODUCTION, BU,93151
USA,2016,Hay,Hay, (Excl Alfalfa), Organic,PRODUCTIONTONS, TONS,433852
USA,2016,Hay,Hay, Alfalfa, Organic,PRODUCTIONTONS, TONS,998322
USA,2016,Hay,Hay, Organic,PRODUCTIONTONS, TONS,1432174
USA,2016,Haylage,Haylage, (Excl Alfalfa), Organic,PRODUCTIONTONS, TONS,622197
USA,2016,Haylage,Haylage, Alfalfa, Organic,PRODUCTIONTONS, TONS,337567
USA,2016,Haylage,Haylage, Organic,PRODUCTIONTONS, TONS,959764
USA,2016,Herbs,Herbs, Dry, Organic,PRODUCTIONLB, LB,2441907
USA,2016,Hops,Hops, Organic,PRODUCTIONLB, LB,979739
USA,2016,Lentils,Lentils, Organic,PRODUCTION, CWT,36162
USA,2016,Maple Syrup,Maple Syrup, Organic,PRODUCTIONGALLONS, GALLONS,2094487
USA,2016,Millet,Millet, Proso, Organic,PRODUCTION, CWT,182259
USA,2016,Oats,Oats, Organic,PRODUCTION, BU,3051226
USA,2016,Peanuts,Peanuts, Organic,PRODUCTIONLB, LB,21685463
USA,2016,Peas,Peas, Austrian Winter, Organic,PRODUCTION, CWT,27030
USA,2016,Peas,Peas, Dry Edible, Organic,PRODUCTION, CWT,90232
USA,2016,Popcorn,Popcorn, Organic, Shelled,PRODUCTIONLB, LB,16601078
USA,2016,Rice,Rice, Organic,PRODUCTION, CWT,1434188
USA,2016,Rye,Rye, Organic,PRODUCTION, BU,278527
USA,2016,Safflower,Safflower, Organic,PRODUCTIONLB, LB,1632058
USA,2016,Sorghum,Sorghum, Grain, Organic,PRODUCTION, BU,634781
USA,2016,Sorghum,Sorghum, Silage, Organic,PRODUCTIONTONS, TONS,86185
USA,2016,Soybeans,Soybeans, Organic,PRODUCTION, BU,4602376
USA,2016,Sunflower,Sunflower, Organic,PRODUCTIONLB, LB,8273968
USA,2016,Tobacco,Tobacco, Organic,PRODUCTIONLB, LB,18621408
USA,2016,Triticale,Triticale, Organic,PRODUCTION, BU,256320
USA,2016,Wheat,Wheat, Organic,PRODUCTION, BU,10551643
USA,2016,Wheat,Wheat, Spring, (Excl Durum), Organic,PRODUCTION, BU,2720374
USA,2016,Wheat,Wheat, Spring, Durum, Organic,PRODUCTION, BU,481093
USA,2016,Wheat,Wheat, Winter, Organic,PRODUCTION, BU,7350176
USA,2016,Wild Rice,Wild Rice, Organic,PRODUCTION, FINISHED BASIS, CWT, FINISHED BASIS,15784
USA,2015,Barley,Barley, Organic,PRODUCTION, BU,2719286
USA,2015,Beans,Beans, Dry Edible, Black, Organic,PRODUCTION, CWT,119633
USA,2015,Beans,Beans, Dry Edible, Incl Chickpeas, Organic,PRODUCTION, CWT,299210
USA,2015,Beans,Beans, Dry Edible, Other, Organic,PRODUCTION, CWT,87589
USA,2015,Beans,Beans, Dry Edible, Pinto, Organic,PRODUCTION, CWT,91988
USA,2015,Buckwheat,Buckwheat, Organic,PRODUCTION, BU,114744
USA,2015,Chickpeas,Chickpeas, Organic,PRODUCTION, CWT,72322
USA,2015,Corn,Corn, Grain, Organic,PRODUCTION, BU,18468287
USA,2015,Corn,Corn, Silage, Organic,PRODUCTIONTONS, TONS,552324
USA,2015,Cotton,Cotton, Organic,PRODUCTIONBALES, BALES,15134
USA,2015,Flaxseed,Flaxseed, Organic,PRODUCTION, BU,118208
USA,2015,Hay,Hay, (Excl Alfalfa), Organic,PRODUCTIONTONS, TONS,399702
USA,2015,Hay,Hay, Alfalfa, Organic,PRODUCTIONTONS, TONS,811966
USA,2015,Hay,Hay, Organic,PRODUCTIONTONS, TONS,1211668
USA,2015,Haylage,Haylage, (Excl Alfalfa), Organic,PRODUCTIONTONS, TONS,589959
USA,2015,Haylage,Haylage, Alfalfa, Organic,PRODUCTIONTONS, TONS,279955
USA,2015,Haylage,Haylage, Organic,PRODUCTIONTONS, TONS,869914
USA,2015,Herbs,Herbs, Dry, Organic,PRODUCTIONLB, LB,2678857
USA,2015,Hops,Hops, Organic,PRODUCTIONLB, LB,618097
USA,2015,Lentils,Lentils, Organic,PRODUCTION, CWT,11039
USA,2015,Maple Syrup,Maple Syrup, Organic,PRODUCTIONGALLONS, GALLONS,1459344
USA,2015,Millet,Millet, Proso, Organic,PRODUCTION, BU,170860
USA,2015,Oats,Oats, Organic,PRODUCTION, BU,2467515
USA,2015,Peanuts,Peanuts, Organic,PRODUCTIONLB, LB,16508794
USA,2015,Peas,Peas, Dry Edible, Organic,PRODUCTION, CWT,119607
USA,2015,Popcorn,Popcorn, Organic, Shelled,PRODUCTIONLB, LB,15413507
USA,2015,Rice,Rice, Organic,PRODUCTION, CWT,1300600
USA,2015,Rye,Rye, Organic,PRODUCTION, BU,178545
USA,2015,Safflower,Safflower, Organic,PRODUCTIONLB, LB,1031113
USA,2015,Sorghum,Sorghum, Grain, Organic,PRODUCTION, BU,490313
USA,2015,Sorghum,Sorghum, Silage, Organic,PRODUCTIONTONS, TONS,94309
USA,2015,Soybeans,Soybeans, Organic,PRODUCTION, BU,3183364
USA,2015,Sunflower,Sunflower, Organic,PRODUCTIONLB, LB,4939276
USA,2015,Tobacco,Tobacco, Organic,PRODUCTIONLB, LB,14341579
USA,2015,Wheat,Wheat, Organic,PRODUCTION, BU,9016548
USA,2015,Wheat,Wheat, Spring, (Excl Durum), Organic,PRODUCTION, BU,2226377
USA,2015,Wheat,Wheat, Spring, Durum, Organic,PRODUCTION, BU,349529
USA,2015,Wheat,Wheat, Winter, Organic,PRODUCTION, BU,6440642
USA,2015,Wild Rice,Wild Rice, Organic,PRODUCTION, FINISHED BASIS, CWT, FINISHED BASIS,27027
USA,2014,Barley,Barley, Organic,PRODUCTION, BU,2226811
USA,2014,Beans,Beans, Dry Edible, Black, Organic,PRODUCTION, CWT,70518
USA,2014,Beans,Beans, Dry Edible, Black, Organic,PRODUCTION, CWT,70518
USA,2014,Beans,Beans, Dry Edible, Incl Chickpeas, Organic,PRODUCTION, CWT,433291
USA,2014,Beans,Beans, Dry Edible, Incl Chickpeas, Organic,PRODUCTION, CWT,433075
USA,2014,Beans,Beans, Dry Edible, Incl Chickpeas, Organic,PRODUCTION, CWT,216
USA,2014,Beans,Beans, Dry Edible, Other, Organic,PRODUCTION, CWT,107649
USA,2014,Beans,Beans, Dry Edible, Other, Organic,PRODUCTION, CWT,107433
USA,2014,Beans,Beans, Dry Edible, Other, Organic,PRODUCTION, CWT,216
USA,2014,Beans,Beans, Dry Edible, Pinto, Organic,PRODUCTION, CWT,59684
USA,2014,Beans,Beans, Dry Edible, Pinto, Organic,PRODUCTION, CWT,59684
USA,2014,Buckwheat,Buckwheat, Organic,PRODUCTION, BU,77710
USA,2014,Buckwheat,Buckwheat, Organic,PRODUCTION, BU,77518
USA,2014,Buckwheat,Buckwheat, Organic,PRODUCTION, BU,192
USA,2014,Chickpeas,Chickpeas, Organic,PRODUCTION, CWT,195440
USA,2014,Chickpeas,Chickpeas, Organic,PRODUCTION, CWT,195440
USA,2014,Corn,Corn, Grain, Organic,PRODUCTION, BU,18596637
USA,2014,Corn,Corn, Grain, Organic,PRODUCTION, BU,18589549
USA,2014,Corn,Corn, Grain, Organic,PRODUCTION, BU,7088
USA,2014,Corn,Corn, Silage, Organic,PRODUCTIONTONS, TONS,571695
USA,2014,Corn,Corn, Silage, Organic,PRODUCTIONTONS, TONS,571623
USA,2014,Corn,Corn, Silage, Organic,PRODUCTIONTONS, TONS,72
USA,2014,Cotton,Cotton, Organic,PRODUCTIONBALES, BALES,15120
USA,2014,Cotton,Cotton, Organic,PRODUCTIONBALES, BALES,15120
USA,2014,Flaxseed,Flaxseed, Organic,PRODUCTION, BU,185495
USA,2014,Flaxseed,Flaxseed, Organic,PRODUCTION, BU,185495
USA,2014,Hay,Hay, (Excl Alfalfa), Organic,PRODUCTIONTONS, TONS,438166
USA,2014,Hay,Hay, (Excl Alfalfa), Organic,PRODUCTIONTONS, TONS,433817
USA,2014,Hay,Hay, (Excl Alfalfa), Organic,PRODUCTIONTONS, TONS,4349
USA,2014,Hay,Hay, Alfalfa, Organic,PRODUCTIONTONS, TONS,809349
USA,2014,Hay,Hay, Alfalfa, Organic,PRODUCTIONTONS, TONS,806369
USA,2014,Hay,Hay, Alfalfa, Organic,PRODUCTIONTONS, TONS,2980
USA,2014,Hay,Hay, Organic,PRODUCTIONTONS, TONS,1247515
USA,2014,Hay,Hay, Organic,PRODUCTIONTONS, TONS,1240186
USA,2014,Hay,Hay, Organic,PRODUCTIONTONS, TONS,7329
USA,2014,Haylage,Haylage, Organic,PRODUCTIONTONS, TONS,712979
USA,2014,Haylage,Haylage, Organic,PRODUCTIONTONS, TONS,712709
USA,2014,Haylage,Haylage, Organic,PRODUCTIONTONS, TONS,270
USA,2014,Herbs,Herbs, Dry, Organic,PRODUCTIONLB, LB,5720
USA,2014,Hops,Hops, Organic,PRODUCTIONLB, LB,480480
USA,2014,Hops,Hops, Organic,PRODUCTIONLB, LB,479280
USA,2014,Hops,Hops, Organic,PRODUCTIONLB, LB,1200
USA,2014,Lentils,Lentils, Organic,PRODUCTION, CWT,12391
USA,2014,Lentils,Lentils, Organic,PRODUCTION, CWT,12391
USA,2014,Maple Syrup,Maple Syrup, Organic,PRODUCTIONGALLONS, GALLONS,1162158
USA,2014,Maple Syrup,Maple Syrup, Organic,PRODUCTIONGALLONS, GALLONS,1160657
USA,2014,Maple Syrup,Maple Syrup, Organic,PRODUCTIONGALLONS, GALLONS,1501
USA,2014,Millet,Millet, Proso, Organic,PRODUCTION, CWT,270886
USA,2014,Millet,Millet, Proso, Organic,PRODUCTION, CWT,270886
USA,2014,Oats,Oats, Organic,PRODUCTION, BU,2543591
USA,2014,Peanuts,Peanuts, Organic,PRODUCTIONLB, LB,20999644
USA,2014,Peanuts,Peanuts, Organic,PRODUCTIONLB, LB,20999644
USA,2014,Peas,Peas, Austrian Winter, Organic,PRODUCTION, CWT,21238
USA,2014,Peas,Peas, Austrian Winter, Organic,PRODUCTION, CWT,21238
USA,2014,Peas,Peas, Dry Edible, Organic,PRODUCTION, CWT,60110
USA,2014,Peas,Peas, Dry Edible, Organic,PRODUCTION, CWT,60110
USA,2014,Popcorn,Popcorn, Organic, Shelled,PRODUCTIONLB, LB,16938648
USA,2014,Popcorn,Popcorn, Organic, Shelled,PRODUCTIONLB, LB,16934848
USA,2014,Popcorn,Popcorn, Organic, Shelled,PRODUCTIONLB, LB,3800
USA,2014,Rice,Rice, Organic,PRODUCTION, CWT,1164276
USA,2014,Rice,Rice, Organic,PRODUCTION, CWT,1164276
USA,2014,Rye,Rye, Organic,PRODUCTION, BU,251342
USA,2014,Rye,Rye, Organic,PRODUCTION, BU,251342
USA,2014,Safflower,Safflower, Organic,PRODUCTIONLB, LB,2914416
USA,2014,Safflower,Safflower, Organic,PRODUCTIONLB, LB,2914416
USA,2014,Sorghum,Sorghum, Grain, Organic,PRODUCTION, BU,299366
USA,2014,Sorghum,Sorghum, Grain, Organic,PRODUCTION, BU,298854
USA,2014,Sorghum,Sorghum, Grain, Organic,PRODUCTION, BU,512
USA,2014,Sorghum,Sorghum, Silage, Organic,PRODUCTIONTONS, TONS,155405
USA,2014,Sorghum,Sorghum, Silage, Organic,PRODUCTIONTONS, TONS,155405
USA,2014,Soybeans,Soybeans, Organic,PRODUCTION, BU,3249058
USA,2014,Soybeans,Soybeans, Organic,PRODUCTION, BU,3248351
USA,2014,Soybeans,Soybeans, Organic,PRODUCTION, BU,707
USA,2014,Sunflower,Sunflower, Organic,PRODUCTIONLB, LB,7269089
USA,2014,Wheat,Wheat, Organic,PRODUCTION, BU,8067046
USA,2014,Wheat,Wheat, Organic,PRODUCTION, BU,8065260
USA,2014,Wheat,Wheat, Organic,PRODUCTION, BU,1786
USA,2014,Wheat,Wheat, Spring, (Excl Durum), Organic,PRODUCTION, BU,2479743
USA,2014,Wheat,Wheat, Spring, (Excl Durum), Organic,PRODUCTION, BU,2479743
USA,2014,Wheat,Wheat, Spring, Durum, Organic,PRODUCTION, BU,344558
USA,2014,Wheat,Wheat, Spring, Durum, Organic,PRODUCTION, BU,344558
USA,2014,Wheat,Wheat, Winter, Organic,PRODUCTION, BU,5242745
USA,2014,Wheat,Wheat, Winter, Organic,PRODUCTION, BU,5240959
USA,2014,Wheat,Wheat, Winter, Organic,PRODUCTION, BU,1786
USA,2014,Wild Rice,Wild Rice, Organic,PRODUCTION, FINISHED BASIS, CWT, FINISHED BASIS,17725
USA,2014,Wild Rice,Wild Rice, Organic,PRODUCTION, FINISHED BASIS, CWT, FINISHED BASIS,17725
USA,2011,Barley,Barley, Organic,PRODUCTION, BU,1974240
USA,2011,Beans,Beans, Dry Edible, Incl Chickpeas, Organic,PRODUCTION, CWT,285803
USA,2011,Buckwheat,Buckwheat, Organic,PRODUCTION, BU,189623
USA,2011,Corn,Corn, Grain, Organic,PRODUCTION, BU,14238189
USA,2011,Corn,Corn, Silage, Organic,PRODUCTIONTONS, TONS,538548
USA,2011,Cotton,Cotton, Organic,PRODUCTIONBALES, BALES,4934
USA,2011,Field Crops, Other,Field Crops, Other, Organic,PRODUCTIONLB, LB,29205770
USA,2011,Flaxseed,Flaxseed, Organic,PRODUCTION, BU,234244
USA,2011,Hay,Hay, (Excl Alfalfa), Organic,PRODUCTIONTONS, TONS,411828
USA,2011,Hay,Hay, Alfalfa, Organic,PRODUCTIONTONS, TONS,747555
USA,2011,Haylage,Haylage, Organic,PRODUCTIONTONS, TONS,636571
USA,2011,Herbs,Herbs, Dry, Organic,PRODUCTIONLB, LB,3758269
USA,2011,Maple Syrup,Maple Syrup, Organic,PRODUCTIONGALLONS, GALLONS,513979
USA,2011,Millet,Millet, Proso, Organic,PRODUCTION, CWT,133384
USA,2011,Oats,Oats, Organic,PRODUCTION, BU,1872425
USA,2011,Peanuts,Peanuts, Organic,PRODUCTIONLB, LB,10053641
USA,2011,Peas & Lentils,Peas & Lentils, Dry, Organic,PRODUCTION, CWT,101998
USA,2011,Popcorn,Popcorn, Organic, Shelled,PRODUCTIONLB, LB,6842126
USA,2011,Rice,Rice, Organic,PRODUCTION, CWT,1368594
USA,2011,Rye,Rye, Organic,PRODUCTION, BU,177418
USA,2011,Safflower,Safflower, Organic,PRODUCTIONLB, LB,3992578
USA,2011,Sorghum,Sorghum, Grain, Organic,PRODUCTION, BU,207719
USA,2011,Sorghum,Sorghum, Silage, Organic,PRODUCTIONTONS, TONS,9179
USA,2011,Soybeans,Soybeans, Organic,PRODUCTION, BU,2895170
USA,2011,Sunflower,Sunflower, Organic,PRODUCTIONLB, LB,11997253
USA,2011,Wheat,Wheat, Spring, (Excl Durum), Organic,PRODUCTION, BU,2347729
USA,2011,Wheat,Wheat, Spring, Durum, Organic,PRODUCTION, BU,548350
USA,2011,Wheat,Wheat, Winter, Organic,PRODUCTION, BU,6687512
USA,2008,Barley,Barley, Organic,PRODUCTION, BU,2112078
USA,2008,Beans,Beans, Dry Edible, Incl Chickpeas, Organic,PRODUCTION, CWT,177212
USA,2008,Beans,Beans, Dry Edible, Incl Chickpeas, Organic,PRODUCTION, CWT,177155
USA,2008,Beans,Beans, Dry Edible, Incl Chickpeas, Organic,PRODUCTION, CWT,57
USA,2008,Buckwheat,Buckwheat, Organic,PRODUCTION, BU,58287
USA,2008,Canola,Canola, Organic,PRODUCTIONLB, LB,404725
USA,2008,Canola,Canola, Organic,PRODUCTIONLB, LB,404725
USA,2008,Corn,Corn, Grain, Organic,PRODUCTION, BU,15749401
USA,2008,Corn,Corn, Grain, Organic,PRODUCTION, BU,15702177
USA,2008,Corn,Corn, Grain, Organic,PRODUCTION, BU,47224
USA,2008,Corn,Corn, Silage, Organic,PRODUCTIONTONS, TONS,373615
USA,2008,Corn,Corn, Silage, Organic,PRODUCTIONTONS, TONS,372949
USA,2008,Corn,Corn, Silage, Organic,PRODUCTIONTONS, TONS,666
USA,2008,Cotton,Cotton, Organic,PRODUCTIONBALES, BALES,12352
USA,2008,Cotton,Cotton, Organic,PRODUCTIONBALES, BALES,12352
USA,2008,Field Crops, Other,Field Crops, Other, Organic,PRODUCTIONLB, LB,57569233
USA,2008,Field Crops, Other,Field Crops, Other, Organic,PRODUCTIONLB, LB,57433499
USA,2008,Field Crops, Other,Field Crops, Other, Organic,PRODUCTIONLB, LB,135734
USA,2008,Flaxseed,Flaxseed, Organic,PRODUCTION, BU,159706
USA,2008,Flaxseed,Flaxseed, Organic,PRODUCTION, BU,159706
USA,2008,Hay,Hay, Organic,PRODUCTIONTONS, TONS,1105888
USA,2008,Hay,Hay, Organic,PRODUCTIONTONS, TONS,1077411
USA,2008,Hay,Hay, Organic,PRODUCTIONTONS, TONS,28477
USA,2008,Haylage,Haylage, Organic,PRODUCTIONTONS, TONS,626748
USA,2008,Haylage,Haylage, Organic,PRODUCTIONTONS, TONS,623871
USA,2008,Haylage,Haylage, Organic,PRODUCTIONTONS, TONS,2877
USA,2008,Herbs,Herbs, Dry, Organic,PRODUCTIONLB, LB,2012290
USA,2008,Herbs,Herbs, Dry, Organic,PRODUCTIONLB, LB,2004061
USA,2008,Herbs,Herbs, Dry, Organic,PRODUCTIONLB, LB,8229
USA,2008,Maple Syrup,Maple Syrup, Organic,PRODUCTIONGALLONS, GALLONS,484396
USA,2008,Maple Syrup,Maple Syrup, Organic,PRODUCTIONGALLONS, GALLONS,481726
USA,2008,Maple Syrup,Maple Syrup, Organic,PRODUCTIONGALLONS, GALLONS,2670
USA,2008,Millet,Millet, Proso, Organic,PRODUCTION, CWT,111714
USA,2008,Millet,Millet, Proso, Organic,PRODUCTION, CWT,111714
USA,2008,Oats,Oats, Organic,PRODUCTION, BU,2246914
USA,2008,Oats,Oats, Organic,PRODUCTION, BU,2239607
USA,2008,Oats,Oats, Organic,PRODUCTION, BU,7307
USA,2008,Peanuts,Peanuts, Organic,PRODUCTIONLB, LB,21119547
USA,2008,Peanuts,Peanuts, Organic,PRODUCTIONLB, LB,21119547
USA,2008,Peas & Lentils,Peas & Lentils, Dry, Organic,PRODUCTION, CWT,80348
USA,2008,Popcorn,Popcorn, Organic, Shelled,PRODUCTIONLB, LB,2886775
USA,2008,Popcorn,Popcorn, Organic, Shelled,PRODUCTIONLB, LB,2880789
USA,2008,Popcorn,Popcorn, Organic, Shelled,PRODUCTIONLB, LB,5986
USA,2008,Rice,Rice, Organic,PRODUCTION, CWT,1086488
USA,2008,Rice,Rice, Organic,PRODUCTION, CWT,1086488
USA,2008,Rye,Rye, Organic,PRODUCTION, BU,248779
USA,2008,Rye,Rye, Organic,PRODUCTION, BU,245735
USA,2008,Rye,Rye, Organic,PRODUCTION, BU,3044
USA,2008,Safflower,Safflower, Organic,PRODUCTIONLB, LB,2357561
USA,2008,Safflower,Safflower, Organic,PRODUCTIONLB, LB,2357561
USA,2008,Sorghum,Sorghum, Grain, Organic,PRODUCTION, BU,217580
USA,2008,Sorghum,Sorghum, Silage, Organic,PRODUCTIONTONS, TONS,20499
USA,2008,Sorghum,Sorghum, Silage, Organic,PRODUCTIONTONS, TONS,20264
USA,2008,Sorghum,Sorghum, Silage, Organic,PRODUCTIONTONS, TONS,235
USA,2008,Soybeans,Soybeans, Organic,PRODUCTION, BU,2582095
USA,2008,Soybeans,Soybeans, Organic,PRODUCTION, BU,2578495
USA,2008,Soybeans,Soybeans, Organic,PRODUCTION, BU,3600
USA,2008,Sunflower,Sunflower, Organic,PRODUCTIONLB, LB,7556199
USA,2008,Sunflower,Sunflower, Organic,PRODUCTIONLB, LB,7536485
USA,2008,Sunflower,Sunflower, Organic,PRODUCTIONLB, LB,19714
USA,2008,Wheat,Wheat, Spring, (Excl Durum), Organic,PRODUCTION, BU,2501076
USA,2008,Wheat,Wheat, Spring, (Excl Durum), Organic,PRODUCTION, BU,2495365
USA,2008,Wheat,Wheat, Spring, (Excl Durum), Organic,PRODUCTION, BU,5711
USA,2008,Wheat,Wheat, Spring, Durum, Organic,PRODUCTION, BU,423649
USA,2008,Wheat,Wheat, Winter, Organic,PRODUCTION, BU,5757762
USA,2008,Wheat,Wheat, Winter, Organic,PRODUCTION, BU,5753853
USA,2008,Wheat,Wheat, Winter, Organic,PRODUCTION, BU,3909
USA,2019,Barley,Barley, Organic,AREA HARVESTED,ACRES,63839
USA,2019,Barley,Barley, Organic,OPERATIONS,OPERATIONS,487
USA,2019,Beans,Beans, Dry Edible, Black, Organic,AREA HARVESTED,ACRES,12768
USA,2019,Beans,Beans, Dry Edible, Black, Organic,OPERATIONS,OPERATIONS,118
USA,2019,Beans,Beans, Dry Edible, Incl Chickpeas, Organic,AREA HARVESTED,ACRES,26192
USA,2019,Beans,Beans, Dry Edible, Incl Chickpeas, Organic,OPERATIONS,OPERATIONS,210
USA,2019,Beans,Beans, Dry Edible, Other, Organic,AREA HARVESTED,ACRES,5309
USA,2019,Beans,Beans, Dry Edible, Other, Organic,OPERATIONS,OPERATIONS,79
USA,2019,Beans,Beans, Dry Edible, Pinto, Organic,AREA HARVESTED,ACRES,8115
USA,2019,Beans,Beans, Dry Edible, Pinto, Organic,OPERATIONS,OPERATIONS,51
USA,2019,Buckwheat,Buckwheat, Organic,AREA HARVESTED,ACRES,8033
USA,2019,Buckwheat,Buckwheat, Organic,OPERATIONS,OPERATIONS,90
USA,2019,Canola,Canola, Organic,OPERATIONS,OPERATIONS,3
USA,2019,Chickpeas,Chickpeas, Organic,AREA HARVESTED,ACRES,6048
USA,2019,Chickpeas,Chickpeas, Organic,OPERATIONS,OPERATIONS,31
USA,2019,Corn,Corn, Grain, Organic,AREA HARVESTED,ACRES,319953
USA,2019,Corn,Corn, Grain, Organic,OPERATIONS,OPERATIONS,3985
USA,2019,Corn,Corn, Silage, Organic,AREA HARVESTED,ACRES,54683
USA,2019,Corn,Corn, Silage, Organic,OPERATIONS,OPERATIONS,1466
USA,2019,Cotton,Cotton, Organic,AREA HARVESTED,ACRES,33557
USA,2019,Cotton,Cotton, Organic,OPERATIONS,OPERATIONS,63
USA,2019,Emmer & Spelt,Emmer & Spelt, Organic,AREA HARVESTED,ACRES,6910
USA,2019,Emmer & Spelt,Emmer & Spelt, Organic,OPERATIONS,OPERATIONS,176
USA,2019,Field Crop Totals,Field Crop Totals, Organic,AREA HARVESTED,ACRES,2268646
USA,2019,Field Crop Totals,Field Crop Totals, Organic,OPERATIONS,OPERATIONS,9024
USA,2019,Field Crops, Other,Field Crops, Other, Organic,AREA HARVESTED,ACRES,16913
USA,2019,Field Crops, Other,Field Crops, Other, Organic,OPERATIONS,OPERATIONS,168
USA,2019,Flaxseed,Flaxseed, Organic,AREA HARVESTED,ACRES,7447
USA,2019,Flaxseed,Flaxseed, Organic,OPERATIONS,OPERATIONS,53
USA,2019,Hay,Hay, (Excl Alfalfa), Organic,AREA HARVESTED,ACRES,259673
USA,2019,Hay,Hay, (Excl Alfalfa), Organic,OPERATIONS,OPERATIONS,2590
USA,2019,Hay,Hay, Alfalfa, Organic,AREA HARVESTED,ACRES,353451
USA,2019,Hay,Hay, Alfalfa, Organic,OPERATIONS,OPERATIONS,2909
USA,2019,Hay,Hay, Organic,AREA HARVESTED,ACRES,613124
USA,2019,Hay,Hay, Organic,OPERATIONS,OPERATIONS,5040
USA,2019,Haylage,Haylage, (Excl Alfalfa), Organic,AREA HARVESTED,ACRES,149752
USA,2019,Haylage,Haylage, (Excl Alfalfa), Organic,OPERATIONS,OPERATIONS,1208
USA,2019,Haylage,Haylage, Alfalfa, Organic,AREA HARVESTED,ACRES,110951
USA,2019,Haylage,Haylage, Alfalfa, Organic,OPERATIONS,OPERATIONS,1241
USA,2019,Haylage,Haylage, Organic,AREA HARVESTED,ACRES,260703
USA,2019,Haylage,Haylage, Organic,OPERATIONS,OPERATIONS,2250
USA,2019,Herbs,Herbs, Dry, Organic,AREA HARVESTED,ACRES,1872
USA,2019,Herbs,Herbs, Dry, Organic,OPERATIONS,OPERATIONS,43
USA,2019,Hops,Hops, Organic,OPERATIONS,OPERATIONS,24
USA,2019,Lentils,Lentils, Organic,AREA HARVESTED,ACRES,12434
USA,2019,Lentils,Lentils, Organic,OPERATIONS,OPERATIONS,44
USA,2019,Millet,Millet, Proso, Organic,AREA HARVESTED,ACRES,15584
USA,2019,Millet,Millet, Proso, Organic,OPERATIONS,OPERATIONS,54
USA,2019,Oats,Oats, Organic,AREA HARVESTED,ACRES,54147
USA,2019,Oats,Oats, Organic,OPERATIONS,OPERATIONS,1200
USA,2019,Peanuts,Peanuts, Organic,AREA HARVESTED,ACRES,26470
USA,2019,Peanuts,Peanuts, Organic,OPERATIONS,OPERATIONS,69
USA,2019,Peas,Peas, Austrian Winter, Organic,AREA HARVESTED,ACRES,1382
USA,2019,Peas,Peas, Austrian Winter, Organic,OPERATIONS,OPERATIONS,12
USA,2019,Peas,Peas, Dry Edible, Organic,AREA HARVESTED,ACRES,16666
USA,2019,Peas,Peas, Dry Edible, Organic,OPERATIONS,OPERATIONS,104
USA,2019,Popcorn,Popcorn, Organic, Shelled,AREA HARVESTED,ACRES,5491
USA,2019,Popcorn,Popcorn, Organic, Shelled,OPERATIONS,OPERATIONS,60
USA,2019,Rice,Rice, Organic,AREA HARVESTED,ACRES,39993
USA,2019,Rice,Rice, Organic,OPERATIONS,OPERATIONS,114
USA,2019,Rye,Rye, Organic,AREA HARVESTED,ACRES,11108
USA,2019,Rye,Rye, Organic,OPERATIONS,OPERATIONS,267
USA,2019,Safflower,Safflower, Organic,AREA HARVESTED,ACRES,3521
USA,2019,Safflower,Safflower, Organic,OPERATIONS,OPERATIONS,14
USA,2019,Sorghum,Sorghum, Grain, Organic,AREA HARVESTED,ACRES,7032
USA,2019,Sorghum,Sorghum, Grain, Organic,OPERATIONS,OPERATIONS,81
USA,2019,Sorghum,Sorghum, Silage, Organic,AREA HARVESTED,ACRES,9946
USA,2019,Sorghum,Sorghum, Silage, Organic,OPERATIONS,OPERATIONS,266
USA,2019,Soybeans,Soybeans, Organic,AREA HARVESTED,ACRES,170074
USA,2019,Soybeans,Soybeans, Organic,OPERATIONS,OPERATIONS,2135
USA,2019,Sunflower,Sunflower, Organic,AREA HARVESTED,ACRES,7126
USA,2019,Sunflower,Sunflower, Organic,OPERATIONS,OPERATIONS,68
USA,2019,Tobacco,Tobacco, Organic,AREA HARVESTED,ACRES,7505
USA,2019,Tobacco,Tobacco, Organic,OPERATIONS,OPERATIONS,181
USA,2019,Triticale,Triticale, Organic,AREA HARVESTED,ACRES,6696
USA,2019,Triticale,Triticale, Organic,OPERATIONS,OPERATIONS,153
USA,2019,Wheat,Wheat, Organic,AREA HARVESTED,ACRES,450854
USA,2019,Wheat,Wheat, Organic,OPERATIONS,OPERATIONS,1268
USA,2019,Wheat,Wheat, Spring, (Excl Durum), Organic,AREA HARVESTED,ACRES,164697
USA,2019,Wheat,Wheat, Spring, (Excl Durum), Organic,OPERATIONS,OPERATIONS,404
USA,2019,Wheat,Wheat, Spring, Durum, Organic,AREA HARVESTED,ACRES,11076
USA,2019,Wheat,Wheat, Spring, Durum, Organic,OPERATIONS,OPERATIONS,44
USA,2019,Wheat,Wheat, Winter, Organic,AREA HARVESTED,ACRES,275081
USA,2019,Wheat,Wheat, Winter, Organic,OPERATIONS,OPERATIONS,906
USA,2019,Wild Rice,Wild Rice, Organic,AREA HARVESTED,ACRES,2373
USA,2019,Wild Rice,Wild Rice, Organic,OPERATIONS,OPERATIONS,10
USA,2016,Barley,Barley, Organic,AREA HARVESTED,ACRES,51254
USA,2016,Barley,Barley, Organic,OPERATIONS,OPERATIONS,510
USA,2016,Beans,Beans, Dry Edible, Black, Organic,AREA HARVESTED,ACRES,12043
USA,2016,Beans,Beans, Dry Edible, Black, Organic,OPERATIONS,OPERATIONS,116
USA,2016,Beans,Beans, Dry Edible, Incl Chickpeas, Organic,AREA HARVESTED,ACRES,26261
USA,2016,Beans,Beans, Dry Edible, Incl Chickpeas, Organic,OPERATIONS,OPERATIONS,235
USA,2016,Beans,Beans, Dry Edible, Other, Organic,AREA HARVESTED,ACRES,9288
USA,2016,Beans,Beans, Dry Edible, Other, Organic,OPERATIONS,OPERATIONS,106
USA,2016,Beans,Beans, Dry Edible, Pinto, Organic,AREA HARVESTED,ACRES,4930
USA,2016,Beans,Beans, Dry Edible, Pinto, Organic,OPERATIONS,OPERATIONS,43
USA,2016,Buckwheat,Buckwheat, Organic,AREA HARVESTED,ACRES,6590
USA,2016,Buckwheat,Buckwheat, Organic,OPERATIONS,OPERATIONS,97
USA,2016,Canola,Canola, Organic,OPERATIONS,OPERATIONS,4
USA,2016,Chickpeas,Chickpeas, Organic,AREA HARVESTED,ACRES,2664
USA,2016,Chickpeas,Chickpeas, Organic,OPERATIONS,OPERATIONS,16
USA,2016,Corn,Corn, Grain, Organic,AREA HARVESTED,ACRES,213934
USA,2016,Corn,Corn, Grain, Organic,OPERATIONS,OPERATIONS,3275
USA,2016,Corn,Corn, Silage, Organic,AREA HARVESTED,ACRES,47074
USA,2016,Corn,Corn, Silage, Organic,OPERATIONS,OPERATIONS,1109
USA,2016,Cotton,Cotton, Organic,AREA HARVESTED,ACRES,14599
USA,2016,Cotton,Cotton, Organic,OPERATIONS,OPERATIONS,36
USA,2016,Emmer & Spelt,Emmer & Spelt, Organic,AREA HARVESTED,ACRES,6894
USA,2016,Emmer & Spelt,Emmer & Spelt, Organic,OPERATIONS,OPERATIONS,215
USA,2016,Field Crop Totals,Field Crop Totals, Organic,AREA HARVESTED,ACRES,1684047
USA,2016,Field Crop Totals,Field Crop Totals, Organic,OPERATIONS,OPERATIONS,7403
USA,2016,Field Crops, Other,Field Crops, Other, Organic,AREA HARVESTED,ACRES,14488
USA,2016,Field Crops, Other,Field Crops, Other, Organic,OPERATIONS,OPERATIONS,87
USA,2016,Flaxseed,Flaxseed, Organic,AREA HARVESTED,ACRES,8089
USA,2016,Flaxseed,Flaxseed, Organic,OPERATIONS,OPERATIONS,40
USA,2016,Hay,Hay, (Excl Alfalfa), Organic,AREA HARVESTED,ACRES,199378
USA,2016,Hay,Hay, (Excl Alfalfa), Organic,OPERATIONS,OPERATIONS,1894
USA,2016,Hay,Hay, Alfalfa, Organic,AREA HARVESTED,ACRES,290809
USA,2016,Hay,Hay, Alfalfa, Organic,OPERATIONS,OPERATIONS,2385
USA,2016,Hay,Hay, Organic,AREA HARVESTED,ACRES,490187
USA,2016,Hay,Hay, Organic,OPERATIONS,OPERATIONS,3956
USA,2016,Haylage,Haylage, (Excl Alfalfa), Organic,AREA HARVESTED,ACRES,104821
USA,2016,Haylage,Haylage, (Excl Alfalfa), Organic,OPERATIONS,OPERATIONS,802
USA,2016,Haylage,Haylage, Alfalfa, Organic,AREA HARVESTED,ACRES,63926
USA,2016,Haylage,Haylage, Alfalfa, Organic,OPERATIONS,OPERATIONS,815
USA,2016,Haylage,Haylage, Organic,AREA HARVESTED,ACRES,168747
USA,2016,Haylage,Haylage, Organic,OPERATIONS,OPERATIONS,1517
USA,2016,Herbs,Herbs, Dry, Organic,AREA HARVESTED,ACRES,1559
USA,2016,Herbs,Herbs, Dry, Organic,OPERATIONS,OPERATIONS,35
USA,2016,Hops,Hops, Organic,AREA HARVESTED,ACRES,674
USA,2016,Hops,Hops, Organic,OPERATIONS,OPERATIONS,37
USA,2016,Lentils,Lentils, Organic,AREA HARVESTED,ACRES,4338
USA,2016,Lentils,Lentils, Organic,OPERATIONS,OPERATIONS,21
USA,2016,Millet,Millet, Proso, Organic,AREA HARVESTED,ACRES,8153
USA,2016,Millet,Millet, Proso, Organic,OPERATIONS,OPERATIONS,37
USA,2016,Mint,Mint, Organic, Oil,OPERATIONS,OPERATIONS,3
USA,2016,Oats,Oats, Organic,AREA HARVESTED,ACRES,50732
USA,2016,Oats,Oats, Organic,OPERATIONS,OPERATIONS,1206
USA,2016,Peanuts,Peanuts, Organic,AREA HARVESTED,ACRES,7142
USA,2016,Peanuts,Peanuts, Organic,OPERATIONS,OPERATIONS,35
USA,2016,Peas,Peas, Austrian Winter, Organic,AREA HARVESTED,ACRES,1372
USA,2016,Peas,Peas, Austrian Winter, Organic,OPERATIONS,OPERATIONS,8
USA,2016,Peas,Peas, Dry Edible, Organic,AREA HARVESTED,ACRES,5238
USA,2016,Peas,Peas, Dry Edible, Organic,OPERATIONS,OPERATIONS,56
USA,2016,Popcorn,Popcorn, Organic, Shelled,AREA HARVESTED,ACRES,4802
USA,2016,Popcorn,Popcorn, Organic, Shelled,OPERATIONS,OPERATIONS,75
USA,2016,Rice,Rice, Organic,AREA HARVESTED,ACRES,31911
USA,2016,Rice,Rice, Organic,OPERATIONS,OPERATIONS,109
USA,2016,Rye,Rye, Organic,AREA HARVESTED,ACRES,8001
USA,2016,Rye,Rye, Organic,OPERATIONS,OPERATIONS,243
USA,2016,Safflower,Safflower, Organic,AREA HARVESTED,ACRES,3067
USA,2016,Safflower,Safflower, Organic,OPERATIONS,OPERATIONS,12
USA,2016,Sorghum,Sorghum, Grain, Organic,AREA HARVESTED,ACRES,12730
USA,2016,Sorghum,Sorghum, Grain, Organic,OPERATIONS,OPERATIONS,60
USA,2016,Sorghum,Sorghum, Silage, Organic,AREA HARVESTED,ACRES,8251
USA,2016,Sorghum,Sorghum, Silage, Organic,OPERATIONS,OPERATIONS,123
USA,2016,Soybeans,Soybeans, Organic,AREA HARVESTED,ACRES,124591
USA,2016,Soybeans,Soybeans, Organic,OPERATIONS,OPERATIONS,1748
USA,2016,Sunflower,Sunflower, Organic,AREA HARVESTED,ACRES,8250
USA,2016,Sunflower,Sunflower, Organic,OPERATIONS,OPERATIONS,80
USA,2016,Tobacco,Tobacco, Organic,AREA HARVESTED,ACRES,9996
USA,2016,Tobacco,Tobacco, Organic,OPERATIONS,OPERATIONS,251
USA,2016,Triticale,Triticale, Organic,AREA HARVESTED,ACRES,4586
USA,2016,Triticale,Triticale, Organic,OPERATIONS,OPERATIONS,133
USA,2016,Wheat,Wheat, Organic,AREA HARVESTED,ACRES,336550
USA,2016,Wheat,Wheat, Organic,OPERATIONS,OPERATIONS,1139
USA,2016,Wheat,Wheat, Spring, (Excl Durum), Organic,AREA HARVESTED,ACRES,101484
USA,2016,Wheat,Wheat, Spring, (Excl Durum), Organic,OPERATIONS,OPERATIONS,354
USA,2016,Wheat,Wheat, Spring, Durum, Organic,AREA HARVESTED,ACRES,12176
USA,2016,Wheat,Wheat, Spring, Durum, Organic,OPERATIONS,OPERATIONS,38
USA,2016,Wheat,Wheat, Winter, Organic,AREA HARVESTED,ACRES,222890
USA,2016,Wheat,Wheat, Winter, Organic,OPERATIONS,OPERATIONS,824
USA,2016,Wild Rice,Wild Rice, Organic,AREA HARVESTED,ACRES,979
USA,2016,Wild Rice,Wild Rice, Organic,OPERATIONS,OPERATIONS,8
USA,2015,Barley,Barley, Organic,AREA HARVESTED,ACRES,50826
USA,2015,Barley,Barley, Organic,OPERATIONS,OPERATIONS,505
USA,2015,Beans,Beans, Dry Edible, Black, Organic,AREA HARVESTED,ACRES,8618
USA,2015,Beans,Beans, Dry Edible, Black, Organic,OPERATIONS,OPERATIONS,102
USA,2015,Beans,Beans, Dry Edible, Incl Chickpeas, Organic,AREA HARVESTED,ACRES,20433
USA,2015,Beans,Beans, Dry Edible, Incl Chickpeas, Organic,OPERATIONS,OPERATIONS,188
USA,2015,Beans,Beans, Dry Edible, Other, Organic,AREA HARVESTED,ACRES,5651
USA,2015,Beans,Beans, Dry Edible, Other, Organic,OPERATIONS,OPERATIONS,63
USA,2015,Beans,Beans, Dry Edible, Pinto, Organic,AREA HARVESTED,ACRES,6164
USA,2015,Beans,Beans, Dry Edible, Pinto, Organic,OPERATIONS,OPERATIONS,49
USA,2015,Buckwheat,Buckwheat, Organic,AREA HARVESTED,ACRES,6675
USA,2015,Buckwheat,Buckwheat, Organic,OPERATIONS,OPERATIONS,68
USA,2015,Canola,Canola, Organic,OPERATIONS,OPERATIONS,2
USA,2015,Chickpeas,Chickpeas, Organic,AREA HARVESTED,ACRES,4403
USA,2015,Chickpeas,Chickpeas, Organic,OPERATIONS,OPERATIONS,13
USA,2015,Corn,Corn, Grain, Organic,AREA HARVESTED,ACRES,166841
USA,2015,Corn,Corn, Grain, Organic,OPERATIONS,OPERATIONS,2720
USA,2015,Corn,Corn, Silage, Organic,AREA HARVESTED,ACRES,35149
USA,2015,Corn,Corn, Silage, Organic,OPERATIONS,OPERATIONS,947
USA,2015,Cotton,Cotton, Organic,AREA HARVESTED,ACRES,14005
USA,2015,Cotton,Cotton, Organic,OPERATIONS,OPERATIONS,37
USA,2015,Field Crop Totals,Field Crop Totals, Organic,AREA HARVESTED,ACRES,1458706
USA,2015,Field Crop Totals,Field Crop Totals, Organic,OPERATIONS,OPERATIONS,6403
USA,2015,Field Crops, Other,Field Crops, Other, Organic,AREA HARVESTED,ACRES,20690
USA,2015,Field Crops, Other,Field Crops, Other, Organic,OPERATIONS,OPERATIONS,234
USA,2015,Flaxseed,Flaxseed, Organic,AREA HARVESTED,ACRES,10008
USA,2015,Flaxseed,Flaxseed, Organic,OPERATIONS,OPERATIONS,52
USA,2015,Hay,Hay, (Excl Alfalfa), Organic,AREA HARVESTED,ACRES,181762
USA,2015,Hay,Hay, (Excl Alfalfa), Organic,OPERATIONS,OPERATIONS,1673
USA,2015,Hay,Hay, Alfalfa, Organic,AREA HARVESTED,ACRES,248569
USA,2015,Hay,Hay, Alfalfa, Organic,OPERATIONS,OPERATIONS,2055
USA,2015,Hay,Hay, Organic,AREA HARVESTED,ACRES,430331
USA,2015,Hay,Hay, Organic,OPERATIONS,OPERATIONS,3451
USA,2015,Haylage,Haylage, (Excl Alfalfa), Organic,AREA HARVESTED,ACRES,106452
USA,2015,Haylage,Haylage, (Excl Alfalfa), Organic,OPERATIONS,OPERATIONS,845
USA,2015,Haylage,Haylage, Alfalfa, Organic,AREA HARVESTED,ACRES,54426
USA,2015,Haylage,Haylage, Alfalfa, Organic,OPERATIONS,OPERATIONS,655
USA,2015,Haylage,Haylage, Organic,AREA HARVESTED,ACRES,160878
USA,2015,Haylage,Haylage, Organic,OPERATIONS,OPERATIONS,1412
USA,2015,Herbs,Herbs, Dry, Organic,AREA HARVESTED,ACRES,1512
USA,2015,Herbs,Herbs, Dry, Organic,OPERATIONS,OPERATIONS,47
USA,2015,Hops,Hops, Organic,AREA HARVESTED,ACRES,442
USA,2015,Hops,Hops, Organic,OPERATIONS,OPERATIONS,33
USA,2015,Lentils,Lentils, Organic,AREA HARVESTED,ACRES,2273
USA,2015,Lentils,Lentils, Organic,OPERATIONS,OPERATIONS,8
USA,2015,Millet,Millet, Proso, Organic,AREA HARVESTED,ACRES,8394
USA,2015,Millet,Millet, Proso, Organic,OPERATIONS,OPERATIONS,42
USA,2015,Mint,Mint, Organic, Oil,OPERATIONS,OPERATIONS,5
USA,2015,Oats,Oats, Organic,AREA HARVESTED,ACRES,39647
USA,2015,Oats,Oats, Organic,OPERATIONS,OPERATIONS,1000
USA,2015,Peanuts,Peanuts, Organic,AREA HARVESTED,ACRES,7402
USA,2015,Peanuts,Peanuts, Organic,OPERATIONS,OPERATIONS,22
USA,2015,Peas,Peas, Austrian Winter, Organic,OPERATIONS,OPERATIONS,6
USA,2015,Peas,Peas, Dry Edible, Organic,AREA HARVESTED,ACRES,6991
USA,2015,Peas,Peas, Dry Edible, Organic,OPERATIONS,OPERATIONS,58
USA,2015,Popcorn,Popcorn, Organic, Shelled,AREA HARVESTED,ACRES,3987
USA,2015,Popcorn,Popcorn, Organic, Shelled,OPERATIONS,OPERATIONS,47
USA,2015,Rice,Rice, Organic,AREA HARVESTED,ACRES,28642
USA,2015,Rice,Rice, Organic,OPERATIONS,OPERATIONS,106
USA,2015,Rye,Rye, Organic,AREA HARVESTED,ACRES,6076
USA,2015,Rye,Rye, Organic,OPERATIONS,OPERATIONS,204
USA,2015,Safflower,Safflower, Organic,AREA HARVESTED,ACRES,1984
USA,2015,Safflower,Safflower, Organic,OPERATIONS,OPERATIONS,9
USA,2015,Sorghum,Sorghum, Grain, Organic,AREA HARVESTED,ACRES,10578
USA,2015,Sorghum,Sorghum, Grain, Organic,OPERATIONS,OPERATIONS,40
USA,2015,Sorghum,Sorghum, Silage, Organic,AREA HARVESTED,ACRES,8587
USA,2015,Sorghum,Sorghum, Silage, Organic,OPERATIONS,OPERATIONS,117
USA,2015,Soybeans,Soybeans, Organic,AREA HARVESTED,ACRES,94841
USA,2015,Soybeans,Soybeans, Organic,OPERATIONS,OPERATIONS,1420
USA,2015,Sunflower,Sunflower, Organic,AREA HARVESTED,ACRES,5315
USA,2015,Sunflower,Sunflower, Organic,OPERATIONS,OPERATIONS,52
USA,2015,Tobacco,Tobacco, Organic,AREA HARVESTED,ACRES,6681
USA,2015,Tobacco,Tobacco, Organic,OPERATIONS,OPERATIONS,157
USA,2015,Wheat,Wheat, Organic,AREA HARVESTED,ACRES,301950
USA,2015,Wheat,Wheat, Organic,OPERATIONS,OPERATIONS,1035
USA,2015,Wheat,Wheat, Spring, (Excl Durum), Organic,AREA HARVESTED,ACRES,82976
USA,2015,Wheat,Wheat, Spring, (Excl Durum), Organic,OPERATIONS,OPERATIONS,337
USA,2015,Wheat,Wheat, Spring, Durum, Organic,AREA HARVESTED,ACRES,10544
USA,2015,Wheat,Wheat, Spring, Durum, Organic,OPERATIONS,OPERATIONS,42
USA,2015,Wheat,Wheat, Winter, Organic,AREA HARVESTED,ACRES,208430
USA,2015,Wheat,Wheat, Winter, Organic,OPERATIONS,OPERATIONS,713
USA,2015,Wild Rice,Wild Rice, Organic,AREA HARVESTED,ACRES,2280
USA,2015,Wild Rice,Wild Rice, Organic,OPERATIONS,OPERATIONS,10
USA,2014,Barley,Barley, Organic,AREA HARVESTED,ACRES,45710
USA,2014,Barley,Barley, Organic,OPERATIONS,OPERATIONS,532
USA,2014,Barley,Barley, Organic,OPERATIONS,OPERATIONS,531
USA,2014,Barley,Barley, Organic,OPERATIONS,OPERATIONS,1
USA,2014,Beans,Beans, Dry Edible, Black, Organic,AREA HARVESTED,ACRES,5763
USA,2014,Beans,Beans, Dry Edible, Black, Organic,AREA HARVESTED,ACRES,5763
USA,2014,Beans,Beans, Dry Edible, Black, Organic,OPERATIONS,OPERATIONS,76
USA,2014,Beans,Beans, Dry Edible, Black, Organic,OPERATIONS,OPERATIONS,76
USA,2014,Beans,Beans, Dry Edible, Incl Chickpeas, Organic,AREA HARVESTED,ACRES,22878
USA,2014,Beans,Beans, Dry Edible, Incl Chickpeas, Organic,AREA HARVESTED,ACRES,22850
USA,2014,Beans,Beans, Dry Edible, Incl Chickpeas, Organic,AREA HARVESTED,ACRES,28
USA,2014,Beans,Beans, Dry Edible, Incl Chickpeas, Organic,OPERATIONS,OPERATIONS,179
USA,2014,Beans,Beans, Dry Edible, Incl Chickpeas, Organic,OPERATIONS,OPERATIONS,173
USA,2014,Beans,Beans, Dry Edible, Incl Chickpeas, Organic,OPERATIONS,OPERATIONS,6
USA,2014,Beans,Beans, Dry Edible, Other, Organic,AREA HARVESTED,ACRES,6579
USA,2014,Beans,Beans, Dry Edible, Other, Organic,AREA HARVESTED,ACRES,6551
USA,2014,Beans,Beans, Dry Edible, Other, Organic,AREA HARVESTED,ACRES,28
USA,2014,Beans,Beans, Dry Edible, Other, Organic,OPERATIONS,OPERATIONS,75
USA,2014,Beans,Beans, Dry Edible, Other, Organic,OPERATIONS,OPERATIONS,69
USA,2014,Beans,Beans, Dry Edible, Other, Organic,OPERATIONS,OPERATIONS,6
USA,2014,Beans,Beans, Dry Edible, Pinto, Organic,AREA HARVESTED,ACRES,3000
USA,2014,Beans,Beans, Dry Edible, Pinto, Organic,AREA HARVESTED,ACRES,3000
USA,2014,Beans,Beans, Dry Edible, Pinto, Organic,OPERATIONS,OPERATIONS,38
USA,2014,Beans,Beans, Dry Edible, Pinto, Organic,OPERATIONS,OPERATIONS,38
USA,2014,Buckwheat,Buckwheat, Organic,AREA HARVESTED,ACRES,5319
USA,2014,Buckwheat,Buckwheat, Organic,AREA HARVESTED,ACRES,5305
USA,2014,Buckwheat,Buckwheat, Organic,AREA HARVESTED,ACRES,14
USA,2014,Buckwheat,Buckwheat, Organic,OPERATIONS,OPERATIONS,98
USA,2014,Buckwheat,Buckwheat, Organic,OPERATIONS,OPERATIONS,92
USA,2014,Buckwheat,Buckwheat, Organic,OPERATIONS,OPERATIONS,6
USA,2014,Canola,Canola, Organic,OPERATIONS,OPERATIONS,2
USA,2014,Canola,Canola, Organic,OPERATIONS,OPERATIONS,2
USA,2014,Chickpeas,Chickpeas, Organic,AREA HARVESTED,ACRES,7536
USA,2014,Chickpeas,Chickpeas, Organic,AREA HARVESTED,ACRES,7536
USA,2014,Chickpeas,Chickpeas, Organic,OPERATIONS,OPERATIONS,23
USA,2014,Chickpeas,Chickpeas, Organic,OPERATIONS,OPERATIONS,23
USA,2014,Corn,Corn, Grain, Organic,AREA HARVESTED,ACRES,167812
USA,2014,Corn,Corn, Grain, Organic,AREA HARVESTED,ACRES,167702
USA,2014,Corn,Corn, Grain, Organic,AREA HARVESTED,ACRES,110
USA,2014,Corn,Corn, Grain, Organic,OPERATIONS,OPERATIONS,2735
USA,2014,Corn,Corn, Grain, Organic,OPERATIONS,OPERATIONS,2705
USA,2014,Corn,Corn, Grain, Organic,OPERATIONS,OPERATIONS,30
USA,2014,Corn,Corn, Silage, Organic,AREA HARVESTED,ACRES,35626
USA,2014,Corn,Corn, Silage, Organic,AREA HARVESTED,ACRES,35620
USA,2014,Corn,Corn, Silage, Organic,AREA HARVESTED,ACRES,6
USA,2014,Corn,Corn, Silage, Organic,OPERATIONS,OPERATIONS,960
USA,2014,Corn,Corn, Silage, Organic,OPERATIONS,OPERATIONS,957
USA,2014,Corn,Corn, Silage, Organic,OPERATIONS,OPERATIONS,3
USA,2014,Cotton,Cotton, Organic,AREA HARVESTED,ACRES,15756
USA,2014,Cotton,Cotton, Organic,AREA HARVESTED,ACRES,15756
USA,2014,Cotton,Cotton, Organic,OPERATIONS,OPERATIONS,38
USA,2014,Cotton,Cotton, Organic,OPERATIONS,OPERATIONS,38
USA,2014,Field Crop Totals,Field Crop Totals, Organic,AREA HARVESTED,ACRES,1403598
USA,2014,Field Crop Totals,Field Crop Totals, Organic,AREA HARVESTED,ACRES,1399501
USA,2014,Field Crop Totals,Field Crop Totals, Organic,AREA HARVESTED,ACRES,4097
USA,2014,Field Crop Totals,Field Crop Totals, Organic,OPERATIONS,OPERATIONS,6422
USA,2014,Field Crop Totals,Field Crop Totals, Organic,OPERATIONS,OPERATIONS,6168
USA,2014,Field Crop Totals,Field Crop Totals, Organic,OPERATIONS,OPERATIONS,254
USA,2014,Field Crops, Other,Field Crops, Other, Organic,AREA HARVESTED,ACRES,36659
USA,2014,Field Crops, Other,Field Crops, Other, Organic,AREA HARVESTED,ACRES,36659
USA,2014,Field Crops, Other,Field Crops, Other, Organic,OPERATIONS,OPERATIONS,408
USA,2014,Field Crops, Other,Field Crops, Other, Organic,OPERATIONS,OPERATIONS,408
USA,2014,Flaxseed,Flaxseed, Organic,AREA HARVESTED,ACRES,15204
USA,2014,Flaxseed,Flaxseed, Organic,AREA HARVESTED,ACRES,15204
USA,2014,Flaxseed,Flaxseed, Organic,OPERATIONS,OPERATIONS,62
USA,2014,Flaxseed,Flaxseed, Organic,OPERATIONS,OPERATIONS,62
USA,2014,Hay,Hay, (Excl Alfalfa), Organic,AREA HARVESTED,ACRES,178994
USA,2014,Hay,Hay, (Excl Alfalfa), Organic,AREA HARVESTED,ACRES,176487
USA,2014,Hay,Hay, (Excl Alfalfa), Organic,AREA HARVESTED,ACRES,2507
USA,2014,Hay,Hay, (Excl Alfalfa), Organic,OPERATIONS,OPERATIONS,1983
USA,2014,Hay,Hay, (Excl Alfalfa), Organic,OPERATIONS,OPERATIONS,1833
USA,2014,Hay,Hay, (Excl Alfalfa), Organic,OPERATIONS,OPERATIONS,150
USA,2014,Hay,Hay, Alfalfa, Organic,AREA HARVESTED,ACRES,251924
USA,2014,Hay,Hay, Alfalfa, Organic,AREA HARVESTED,ACRES,250666
USA,2014,Hay,Hay, Alfalfa, Organic,AREA HARVESTED,ACRES,1258
USA,2014,Hay,Hay, Alfalfa, Organic,OPERATIONS,OPERATIONS,2095
USA,2014,Hay,Hay, Alfalfa, Organic,OPERATIONS,OPERATIONS,2039
USA,2014,Hay,Hay, Alfalfa, Organic,OPERATIONS,OPERATIONS,56
USA,2014,Hay,Hay, Organic,AREA HARVESTED,ACRES,430918
USA,2014,Hay,Hay, Organic,AREA HARVESTED,ACRES,427153
USA,2014,Hay,Hay, Organic,AREA HARVESTED,ACRES,3765
USA,2014,Hay,Hay, Organic,OPERATIONS,OPERATIONS,3733
USA,2014,Hay,Hay, Organic,OPERATIONS,OPERATIONS,3531
USA,2014,Hay,Hay, Organic,OPERATIONS,OPERATIONS,202
USA,2014,Haylage,Haylage, Organic,AREA HARVESTED,ACRES,123914
USA,2014,Haylage,Haylage, Organic,AREA HARVESTED,ACRES,123870
USA,2014,Haylage,Haylage, Organic,AREA HARVESTED,ACRES,44
USA,2014,Haylage,Haylage, Organic,OPERATIONS,OPERATIONS,1191
USA,2014,Haylage,Haylage, Organic,OPERATIONS,OPERATIONS,1188
USA,2014,Haylage,Haylage, Organic,OPERATIONS,OPERATIONS,3
USA,2014,Herbs,Herbs, Dry, Organic,AREA HARVESTED,ACRES,949
USA,2014,Herbs,Herbs, Dry, Organic,AREA HARVESTED,ACRES,939
USA,2014,Herbs,Herbs, Dry, Organic,AREA HARVESTED,ACRES,10
USA,2014,Herbs,Herbs, Dry, Organic,OPERATIONS,OPERATIONS,37
USA,2014,Herbs,Herbs, Dry, Organic,OPERATIONS,OPERATIONS,31
USA,2014,Herbs,Herbs, Dry, Organic,OPERATIONS,OPERATIONS,6
USA,2014,Hops,Hops, Organic,AREA HARVESTED,ACRES,421
USA,2014,Hops,Hops, Organic,AREA HARVESTED,ACRES,418
USA,2014,Hops,Hops, Organic,AREA HARVESTED,ACRES,3
USA,2014,Hops,Hops, Organic,OPERATIONS,OPERATIONS,31
USA,2014,Hops,Hops, Organic,OPERATIONS,OPERATIONS,28
USA,2014,Hops,Hops, Organic,OPERATIONS,OPERATIONS,3
USA,2014,Lentils,Lentils, Organic,AREA HARVESTED,ACRES,1465
USA,2014,Lentils,Lentils, Organic,AREA HARVESTED,ACRES,1465
USA,2014,Lentils,Lentils, Organic,OPERATIONS,OPERATIONS,15
USA,2014,Lentils,Lentils, Organic,OPERATIONS,OPERATIONS,15
USA,2014,Millet,Millet, Proso, Organic,AREA HARVESTED,ACRES,11305
USA,2014,Millet,Millet, Proso, Organic,AREA HARVESTED,ACRES,11305
USA,2014,Millet,Millet, Proso, Organic,OPERATIONS,OPERATIONS,39
USA,2014,Millet,Millet, Proso, Organic,OPERATIONS,OPERATIONS,39
USA,2014,Mint,Mint, Organic, Oil,OPERATIONS,OPERATIONS,2
USA,2014,Mint,Mint, Organic, Oil,OPERATIONS,OPERATIONS,2
USA,2014,Oats,Oats, Organic,AREA HARVESTED,ACRES,43810
USA,2014,Oats,Oats, Organic,OPERATIONS,OPERATIONS,995
USA,2014,Oats,Oats, Organic,OPERATIONS,OPERATIONS,994
USA,2014,Oats,Oats, Organic,OPERATIONS,OPERATIONS,1
USA,2014,Peanuts,Peanuts, Organic,AREA HARVESTED,ACRES,8394
USA,2014,Peanuts,Peanuts, Organic,AREA HARVESTED,ACRES,8394
USA,2014,Peanuts,Peanuts, Organic,OPERATIONS,OPERATIONS,21
USA,2014,Peanuts,Peanuts, Organic,OPERATIONS,OPERATIONS,21
USA,2014,Peas,Peas, Austrian Winter, Organic,AREA HARVESTED,ACRES,1352
USA,2014,Peas,Peas, Austrian Winter, Organic,AREA HARVESTED,ACRES,1352
USA,2014,Peas,Peas, Austrian Winter, Organic,OPERATIONS,OPERATIONS,8
USA,2014,Peas,Peas, Austrian Winter, Organic,OPERATIONS,OPERATIONS,8
USA,2014,Peas,Peas, Dry Edible, Organic,AREA HARVESTED,ACRES,4857
USA,2014,Peas,Peas, Dry Edible, Organic,AREA HARVESTED,ACRES,4857
USA,2014,Peas,Peas, Dry Edible, Organic,OPERATIONS,OPERATIONS,46
USA,2014,Peas,Peas, Dry Edible, Organic,OPERATIONS,OPERATIONS,46
USA,2014,Popcorn,Popcorn, Organic, Shelled,AREA HARVESTED,ACRES,4253
USA,2014,Popcorn,Popcorn, Organic, Shelled,OPERATIONS,OPERATIONS,67
USA,2014,Popcorn,Popcorn, Organic, Shelled,OPERATIONS,OPERATIONS,63
USA,2014,Popcorn,Popcorn, Organic, Shelled,OPERATIONS,OPERATIONS,4
USA,2014,Rice,Rice, Organic,AREA HARVESTED,ACRES,25013
USA,2014,Rice,Rice, Organic,AREA HARVESTED,ACRES,25013
USA,2014,Rice,Rice, Organic,OPERATIONS,OPERATIONS,85
USA,2014,Rice,Rice, Organic,OPERATIONS,OPERATIONS,85
USA,2014,Rye,Rye, Organic,AREA HARVESTED,ACRES,8500
USA,2014,Rye,Rye, Organic,AREA HARVESTED,ACRES,8500
USA,2014,Rye,Rye, Organic,OPERATIONS,OPERATIONS,269
USA,2014,Rye,Rye, Organic,OPERATIONS,OPERATIONS,269
USA,2014,Safflower,Safflower, Organic,AREA HARVESTED,ACRES,2547
USA,2014,Safflower,Safflower, Organic,AREA HARVESTED,ACRES,2547
USA,2014,Safflower,Safflower, Organic,OPERATIONS,OPERATIONS,10
USA,2014,Safflower,Safflower, Organic,OPERATIONS,OPERATIONS,10
USA,2014,Sorghum,Sorghum, Grain, Organic,AREA HARVESTED,ACRES,5616
USA,2014,Sorghum,Sorghum, Grain, Organic,AREA HARVESTED,ACRES,5607
USA,2014,Sorghum,Sorghum, Grain, Organic,AREA HARVESTED,ACRES,9
USA,2014,Sorghum,Sorghum, Grain, Organic,OPERATIONS,OPERATIONS,47
USA,2014,Sorghum,Sorghum, Grain, Organic,OPERATIONS,OPERATIONS,42
USA,2014,Sorghum,Sorghum, Grain, Organic,OPERATIONS,OPERATIONS,5
USA,2014,Sorghum,Sorghum, Silage, Organic,AREA HARVESTED,ACRES,14153
USA,2014,Sorghum,Sorghum, Silage, Organic,AREA HARVESTED,ACRES,14153
USA,2014,Sorghum,Sorghum, Silage, Organic,OPERATIONS,OPERATIONS,181
USA,2014,Sorghum,Sorghum, Silage, Organic,OPERATIONS,OPERATIONS,181
USA,2014,Soybeans,Soybeans, Organic,AREA HARVESTED,ACRES,98832
USA,2014,Soybeans,Soybeans, Organic,OPERATIONS,OPERATIONS,1432
USA,2014,Soybeans,Soybeans, Organic,OPERATIONS,OPERATIONS,1429
USA,2014,Soybeans,Soybeans, Organic,OPERATIONS,OPERATIONS,3
USA,2014,Sunflower,Sunflower, Organic,AREA HARVESTED,ACRES,6682
USA,2014,Sunflower,Sunflower, Organic,OPERATIONS,OPERATIONS,61
USA,2014,Sunflower,Sunflower, Organic,OPERATIONS,OPERATIONS,60
USA,2014,Sunflower,Sunflower, Organic,OPERATIONS,OPERATIONS,1
USA,2014,Wheat,Wheat, Organic,AREA HARVESTED,ACRES,263939
USA,2014,Wheat,Wheat, Organic,AREA HARVESTED,ACRES,263881
USA,2014,Wheat,Wheat, Organic,AREA HARVESTED,ACRES,58
USA,2014,Wheat,Wheat, Organic,OPERATIONS,OPERATIONS,1093
USA,2014,Wheat,Wheat, Organic,OPERATIONS,OPERATIONS,1089
USA,2014,Wheat,Wheat, Organic,OPERATIONS,OPERATIONS,4
USA,2014,Wheat,Wheat, Spring, (Excl Durum), Organic,AREA HARVESTED,ACRES,79912
USA,2014,Wheat,Wheat, Spring, (Excl Durum), Organic,AREA HARVESTED,ACRES,79912
USA,2014,Wheat,Wheat, Spring, (Excl Durum), Organic,OPERATIONS,OPERATIONS,295
USA,2014,Wheat,Wheat, Spring, (Excl Durum), Organic,OPERATIONS,OPERATIONS,295
USA,2014,Wheat,Wheat, Spring, Durum, Organic,AREA HARVESTED,ACRES,10779
USA,2014,Wheat,Wheat, Spring, Durum, Organic,AREA HARVESTED,ACRES,10779
USA,2014,Wheat,Wheat, Spring, Durum, Organic,OPERATIONS,OPERATIONS,43
USA,2014,Wheat,Wheat, Spring, Durum, Organic,OPERATIONS,OPERATIONS,43
USA,2014,Wheat,Wheat, Winter, Organic,AREA HARVESTED,ACRES,173248
USA,2014,Wheat,Wheat, Winter, Organic,AREA HARVESTED,ACRES,173190
USA,2014,Wheat,Wheat, Winter, Organic,AREA HARVESTED,ACRES,58
USA,2014,Wheat,Wheat, Winter, Organic,OPERATIONS,OPERATIONS,826
USA,2014,Wheat,Wheat, Winter, Organic,OPERATIONS,OPERATIONS,822
USA,2014,Wheat,Wheat, Winter, Organic,OPERATIONS,OPERATIONS,4
USA,2014,Wild Rice,Wild Rice, Organic,AREA HARVESTED,ACRES,1546
USA,2014,Wild Rice,Wild Rice, Organic,AREA HARVESTED,ACRES,1546
USA,2014,Wild Rice,Wild Rice, Organic,OPERATIONS,OPERATIONS,15
USA,2014,Wild Rice,Wild Rice, Organic,OPERATIONS,OPERATIONS,15
USA,2011,Barley,Barley, Organic,AREA HARVESTED,ACRES,41645
USA,2011,Barley,Barley, Organic,OPERATIONS,OPERATIONS,415
USA,2011,Beans,Beans, Dry Edible, Incl Chickpeas, Organic,AREA HARVESTED,ACRES,17907
USA,2011,Beans,Beans, Dry Edible, Incl Chickpeas, Organic,OPERATIONS,OPERATIONS,118
USA,2011,Buckwheat,Buckwheat, Organic,AREA HARVESTED,ACRES,10202
USA,2011,Buckwheat,Buckwheat, Organic,OPERATIONS,OPERATIONS,108
USA,2011,Canola,Canola, Organic,OPERATIONS,OPERATIONS,2
USA,2011,Corn,Corn, Grain, Organic,AREA HARVESTED,ACRES,134877
USA,2011,Corn,Corn, Grain, Organic,OPERATIONS,OPERATIONS,1903
USA,2011,Corn,Corn, Silage, Organic,AREA HARVESTED,ACRES,34023
USA,2011,Corn,Corn, Silage, Organic,OPERATIONS,OPERATIONS,958
USA,2011,Cotton,Cotton, Organic,AREA HARVESTED,ACRES,4486
USA,2011,Cotton,Cotton, Organic,OPERATIONS,OPERATIONS,21
USA,2011,Field Crop Totals,Field Crop Totals, Organic,AREA HARVESTED,ACRES,1288637
USA,2011,Field Crop Totals,Field Crop Totals, Organic,OPERATIONS,OPERATIONS,4920
USA,2011,Field Crops, Other,Field Crops, Other, Organic,AREA HARVESTED,ACRES,19258
USA,2011,Field Crops, Other,Field Crops, Other, Organic,OPERATIONS,OPERATIONS,275
USA,2011,Flaxseed,Flaxseed, Organic,AREA HARVESTED,ACRES,20664
USA,2011,Flaxseed,Flaxseed, Organic,OPERATIONS,OPERATIONS,83
USA,2011,Hay,Hay, (Excl Alfalfa), Organic,AREA HARVESTED,ACRES,172163
USA,2011,Hay,Hay, (Excl Alfalfa), Organic,OPERATIONS,OPERATIONS,1664
USA,2011,Hay,Hay, Alfalfa, Organic,AREA HARVESTED,ACRES,231318
USA,2011,Hay,Hay, Alfalfa, Organic,OPERATIONS,OPERATIONS,2003
USA,2011,Haylage,Haylage, Organic,AREA HARVESTED,ACRES,109331
USA,2011,Haylage,Haylage, Organic,OPERATIONS,OPERATIONS,983
USA,2011,Herbs,Herbs, Dry, Organic,AREA HARVESTED,ACRES,2988
USA,2011,Herbs,Herbs, Dry, Organic,OPERATIONS,OPERATIONS,43
USA,2011,Millet,Millet, Proso, Organic,AREA HARVESTED,ACRES,9252
USA,2011,Millet,Millet, Proso, Organic,OPERATIONS,OPERATIONS,39
USA,2011,Mint,Mint, Organic, Oil,OPERATIONS,OPERATIONS,6
USA,2011,Oats,Oats, Organic,AREA HARVESTED,ACRES,34700
USA,2011,Oats,Oats, Organic,OPERATIONS,OPERATIONS,805
USA,2011,Peanuts,Peanuts, Organic,AREA HARVESTED,ACRES,3617
USA,2011,Peanuts,Peanuts, Organic,OPERATIONS,OPERATIONS,11
USA,2011,Peas & Lentils,Peas & Lentils, Dry, Organic,AREA HARVESTED,ACRES,10379
USA,2011,Peas & Lentils,Peas & Lentils, Dry, Organic,OPERATIONS,OPERATIONS,62
USA,2011,Popcorn,Popcorn, Organic, Shelled,AREA HARVESTED,ACRES,2385
USA,2011,Popcorn,Popcorn, Organic, Shelled,OPERATIONS,OPERATIONS,43
USA,2011,Rice,Rice, Organic,AREA HARVESTED,ACRES,28626
USA,2011,Rice,Rice, Organic,OPERATIONS,OPERATIONS,70
USA,2011,Rye,Rye, Organic,AREA HARVESTED,ACRES,6879
USA,2011,Rye,Rye, Organic,OPERATIONS,OPERATIONS,153
USA,2011,Safflower,Safflower, Organic,AREA HARVESTED,ACRES,4962
USA,2011,Safflower,Safflower, Organic,OPERATIONS,OPERATIONS,14
USA,2011,Sorghum,Sorghum, Grain, Organic,AREA HARVESTED,ACRES,3428
USA,2011,Sorghum,Sorghum, Grain, Organic,OPERATIONS,OPERATIONS,37
USA,2011,Sorghum,Sorghum, Silage, Organic,AREA HARVESTED,ACRES,1208
USA,2011,Sorghum,Sorghum, Silage, Organic,OPERATIONS,OPERATIONS,53
USA,2011,Soybeans,Soybeans, Organic,AREA HARVESTED,ACRES,96080
USA,2011,Soybeans,Soybeans, Organic,OPERATIONS,OPERATIONS,1203
USA,2011,Sugarcane,Sugarcane, Organic, Sugar,OPERATIONS,OPERATIONS,1
USA,2011,Sunflower,Sunflower, Organic,AREA HARVESTED,ACRES,11026
USA,2011,Sunflower,Sunflower, Organic,OPERATIONS,OPERATIONS,73
USA,2011,Wheat,Wheat, Spring, (Excl Durum), Organic,AREA HARVESTED,ACRES,76372
USA,2011,Wheat,Wheat, Spring, (Excl Durum), Organic,OPERATIONS,OPERATIONS,301
USA,2011,Wheat,Wheat, Spring, Durum, Organic,AREA HARVESTED,ACRES,18452
USA,2011,Wheat,Wheat, Spring, Durum, Organic,OPERATIONS,OPERATIONS,35
USA,2011,Wheat,Wheat, Winter, Organic,AREA HARVESTED,ACRES,178541
USA,2011,Wheat,Wheat, Winter, Organic,OPERATIONS,OPERATIONS,713
USA,2008,Barley,Barley, Organic,AREA HARVESTED,ACRES,47227
USA,2008,Barley,Barley, Organic,AREA HARVESTED,ACRES,47205
USA,2008,Barley,Barley, Organic,AREA HARVESTED,ACRES,22
USA,2008,Barley,Barley, Organic,OPERATIONS,OPERATIONS,578
USA,2008,Barley,Barley, Organic,OPERATIONS,OPERATIONS,574
USA,2008,Barley,Barley, Organic,OPERATIONS,OPERATIONS,4
USA,2008,Beans,Beans, Dry Edible, Incl Chickpeas, Organic,AREA HARVESTED,ACRES,12407
USA,2008,Beans,Beans, Dry Edible, Incl Chickpeas, Organic,AREA HARVESTED,ACRES,12399
USA,2008,Beans,Beans, Dry Edible, Incl Chickpeas, Organic,AREA HARVESTED,ACRES,8
USA,2008,Beans,Beans, Dry Edible, Incl Chickpeas, Organic,OPERATIONS,OPERATIONS,127
USA,2008,Beans,Beans, Dry Edible, Incl Chickpeas, Organic,OPERATIONS,OPERATIONS,123
USA,2008,Beans,Beans, Dry Edible, Incl Chickpeas, Organic,OPERATIONS,OPERATIONS,4
USA,2008,Buckwheat,Buckwheat, Organic,AREA HARVESTED,ACRES,3617
USA,2008,Buckwheat,Buckwheat, Organic,OPERATIONS,OPERATIONS,64
USA,2008,Buckwheat,Buckwheat, Organic,OPERATIONS,OPERATIONS,60
USA,2008,Buckwheat,Buckwheat, Organic,OPERATIONS,OPERATIONS,4
USA,2008,Canola,Canola, Organic,AREA HARVESTED,ACRES,232
USA,2008,Canola,Canola, Organic,AREA HARVESTED,ACRES,232
USA,2008,Canola,Canola, Organic,OPERATIONS,OPERATIONS,8
USA,2008,Canola,Canola, Organic,OPERATIONS,OPERATIONS,8
USA,2008,Corn,Corn, Grain, Organic,AREA HARVESTED,ACRES,143432
USA,2008,Corn,Corn, Grain, Organic,AREA HARVESTED,ACRES,143074
USA,2008,Corn,Corn, Grain, Organic,AREA HARVESTED,ACRES,358
USA,2008,Corn,Corn, Grain, Organic,OPERATIONS,OPERATIONS,2146
USA,2008,Corn,Corn, Grain, Organic,OPERATIONS,OPERATIONS,2108
USA,2008,Corn,Corn, Grain, Organic,OPERATIONS,OPERATIONS,38
USA,2008,Corn,Corn, Silage, Organic,AREA HARVESTED,ACRES,24871
USA,2008,Corn,Corn, Silage, Organic,AREA HARVESTED,ACRES,24832
USA,2008,Corn,Corn, Silage, Organic,AREA HARVESTED,ACRES,39
USA,2008,Corn,Corn, Silage, Organic,OPERATIONS,OPERATIONS,664
USA,2008,Corn,Corn, Silage, Organic,OPERATIONS,OPERATIONS,659
USA,2008,Corn,Corn, Silage, Organic,OPERATIONS,OPERATIONS,5
USA,2008,Cotton,Cotton, Organic,AREA HARVESTED,ACRES,10555
USA,2008,Cotton,Cotton, Organic,AREA HARVESTED,ACRES,10555
USA,2008,Cotton,Cotton, Organic,OPERATIONS,OPERATIONS,30
USA,2008,Cotton,Cotton, Organic,OPERATIONS,OPERATIONS,30
USA,2008,Field Crops, Other,Field Crops, Other, Organic,AREA HARVESTED,ACRES,28044
USA,2008,Field Crops, Other,Field Crops, Other, Organic,AREA HARVESTED,ACRES,27922
USA,2008,Field Crops, Other,Field Crops, Other, Organic,AREA HARVESTED,ACRES,122
USA,2008,Field Crops, Other,Field Crops, Other, Organic,OPERATIONS,OPERATIONS,425
USA,2008,Field Crops, Other,Field Crops, Other, Organic,OPERATIONS,OPERATIONS,392
USA,2008,Field Crops, Other,Field Crops, Other, Organic,OPERATIONS,OPERATIONS,33
USA,2008,Flaxseed,Flaxseed, Organic,AREA HARVESTED,ACRES,13958
USA,2008,Flaxseed,Flaxseed, Organic,AREA HARVESTED,ACRES,13958
USA,2008,Flaxseed,Flaxseed, Organic,OPERATIONS,OPERATIONS,85
USA,2008,Flaxseed,Flaxseed, Organic,OPERATIONS,OPERATIONS,85
USA,2008,Hay,Hay, Organic,AREA HARVESTED,ACRES,415476
USA,2008,Hay,Hay, Organic,AREA HARVESTED,ACRES,401672
USA,2008,Hay,Hay, Organic,AREA HARVESTED,ACRES,13804
USA,2008,Hay,Hay, Organic,OPERATIONS,OPERATIONS,3704
USA,2008,Hay,Hay, Organic,OPERATIONS,OPERATIONS,3118
USA,2008,Hay,Hay, Organic,OPERATIONS,OPERATIONS,586
USA,2008,Haylage,Haylage, Organic,AREA HARVESTED,ACRES,118541
USA,2008,Haylage,Haylage, Organic,AREA HARVESTED,ACRES,117942
USA,2008,Haylage,Haylage, Organic,AREA HARVESTED,ACRES,599
USA,2008,Haylage,Haylage, Organic,OPERATIONS,OPERATIONS,1023
USA,2008,Haylage,Haylage, Organic,OPERATIONS,OPERATIONS,999
USA,2008,Haylage,Haylage, Organic,OPERATIONS,OPERATIONS,24
USA,2008,Herbs,Herbs, Dry, Organic,AREA HARVESTED,ACRES,1159
USA,2008,Herbs,Herbs, Dry, Organic,AREA HARVESTED,ACRES,1141
USA,2008,Herbs,Herbs, Dry, Organic,AREA HARVESTED,ACRES,18
USA,2008,Herbs,Herbs, Dry, Organic,OPERATIONS,OPERATIONS,57
USA,2008,Herbs,Herbs, Dry, Organic,OPERATIONS,OPERATIONS,44
USA,2008,Herbs,Herbs, Dry, Organic,OPERATIONS,OPERATIONS,13
USA,2008,Millet,Millet, Proso, Organic,AREA HARVESTED,ACRES,9698
USA,2008,Millet,Millet, Proso, Organic,AREA HARVESTED,ACRES,9698
USA,2008,Millet,Millet, Proso, Organic,OPERATIONS,OPERATIONS,42
USA,2008,Millet,Millet, Proso, Organic,OPERATIONS,OPERATIONS,42
USA,2008,Mint,Mint, Organic, Oil,OPERATIONS,OPERATIONS,6
USA,2008,Mint,Mint, Organic, Oil,OPERATIONS,OPERATIONS,4
USA,2008,Mint,Mint, Organic, Oil,OPERATIONS,OPERATIONS,2
USA,2008,Oats,Oats, Organic,AREA HARVESTED,ACRES,41148
USA,2008,Oats,Oats, Organic,AREA HARVESTED,ACRES,41016
USA,2008,Oats,Oats, Organic,AREA HARVESTED,ACRES,132
USA,2008,Oats,Oats, Organic,OPERATIONS,OPERATIONS,1055
USA,2008,Oats,Oats, Organic,OPERATIONS,OPERATIONS,1040
USA,2008,Oats,Oats, Organic,OPERATIONS,OPERATIONS,15
USA,2008,Peanuts,Peanuts, Organic,AREA HARVESTED,ACRES,7929
USA,2008,Peanuts,Peanuts, Organic,AREA HARVESTED,ACRES,7929
USA,2008,Peanuts,Peanuts, Organic,OPERATIONS,OPERATIONS,31
USA,2008,Peanuts,Peanuts, Organic,OPERATIONS,OPERATIONS,31
USA,2008,Peas & Lentils,Peas & Lentils, Dry, Organic,AREA HARVESTED,ACRES,7555
USA,2008,Peas & Lentils,Peas & Lentils, Dry, Organic,OPERATIONS,OPERATIONS,64
USA,2008,Peas & Lentils,Peas & Lentils, Dry, Organic,OPERATIONS,OPERATIONS,62
USA,2008,Peas & Lentils,Peas & Lentils, Dry, Organic,OPERATIONS,OPERATIONS,2
USA,2008,Popcorn,Popcorn, Organic, Shelled,AREA HARVESTED,ACRES,991
USA,2008,Popcorn,Popcorn, Organic, Shelled,OPERATIONS,OPERATIONS,36
USA,2008,Popcorn,Popcorn, Organic, Shelled,OPERATIONS,OPERATIONS,33
USA,2008,Popcorn,Popcorn, Organic, Shelled,OPERATIONS,OPERATIONS,3
USA,2008,Rice,Rice, Organic,AREA HARVESTED,ACRES,26763
USA,2008,Rice,Rice, Organic,AREA HARVESTED,ACRES,26763
USA,2008,Rice,Rice, Organic,OPERATIONS,OPERATIONS,101
USA,2008,Rice,Rice, Organic,OPERATIONS,OPERATIONS,101
USA,2008,Rye,Rye, Organic,AREA HARVESTED,ACRES,9239
USA,2008,Rye,Rye, Organic,AREA HARVESTED,ACRES,9128
USA,2008,Rye,Rye, Organic,AREA HARVESTED,ACRES,111
USA,2008,Rye,Rye, Organic,OPERATIONS,OPERATIONS,199
USA,2008,Rye,Rye, Organic,OPERATIONS,OPERATIONS,186
USA,2008,Rye,Rye, Organic,OPERATIONS,OPERATIONS,13
USA,2008,Safflower,Safflower, Organic,AREA HARVESTED,ACRES,4805
USA,2008,Safflower,Safflower, Organic,AREA HARVESTED,ACRES,4805
USA,2008,Safflower,Safflower, Organic,OPERATIONS,OPERATIONS,22
USA,2008,Safflower,Safflower, Organic,OPERATIONS,OPERATIONS,22
USA,2008,Sorghum,Sorghum, Grain, Organic,AREA HARVESTED,ACRES,7797
USA,2008,Sorghum,Sorghum, Grain, Organic,OPERATIONS,OPERATIONS,46
USA,2008,Sorghum,Sorghum, Grain, Organic,OPERATIONS,OPERATIONS,44
USA,2008,Sorghum,Sorghum, Grain, Organic,OPERATIONS,OPERATIONS,2
USA,2008,Sorghum,Sorghum, Silage, Organic,AREA HARVESTED,ACRES,1721
USA,2008,Sorghum,Sorghum, Silage, Organic,OPERATIONS,OPERATIONS,56
USA,2008,Sorghum,Sorghum, Silage, Organic,OPERATIONS,OPERATIONS,53
USA,2008,Sorghum,Sorghum, Silage, Organic,OPERATIONS,OPERATIONS,3
USA,2008,Soybeans,Soybeans, Organic,AREA HARVESTED,ACRES,98199
USA,2008,Soybeans,Soybeans, Organic,AREA HARVESTED,ACRES,98113
USA,2008,Soybeans,Soybeans, Organic,AREA HARVESTED,ACRES,86
USA,2008,Soybeans,Soybeans, Organic,OPERATIONS,OPERATIONS,1336
USA,2008,Soybeans,Soybeans, Organic,OPERATIONS,OPERATIONS,1331
USA,2008,Soybeans,Soybeans, Organic,OPERATIONS,OPERATIONS,5
USA,2008,Sunflower,Sunflower, Organic,AREA HARVESTED,ACRES,8311
USA,2008,Sunflower,Sunflower, Organic,AREA HARVESTED,ACRES,8281
USA,2008,Sunflower,Sunflower, Organic,AREA HARVESTED,ACRES,30
USA,2008,Sunflower,Sunflower, Organic,OPERATIONS,OPERATIONS,74
USA,2008,Sunflower,Sunflower, Organic,OPERATIONS,OPERATIONS,60
USA,2008,Sunflower,Sunflower, Organic,OPERATIONS,OPERATIONS,14
USA,2008,Wheat,Wheat, Spring, (Excl Durum), Organic,AREA HARVESTED,ACRES,93372
USA,2008,Wheat,Wheat, Spring, (Excl Durum), Organic,AREA HARVESTED,ACRES,93082
USA,2008,Wheat,Wheat, Spring, (Excl Durum), Organic,AREA HARVESTED,ACRES,290
USA,2008,Wheat,Wheat, Spring, (Excl Durum), Organic,OPERATIONS,OPERATIONS,484
USA,2008,Wheat,Wheat, Spring, (Excl Durum), Organic,OPERATIONS,OPERATIONS,475
USA,2008,Wheat,Wheat, Spring, (Excl Durum), Organic,OPERATIONS,OPERATIONS,9
USA,2008,Wheat,Wheat, Spring, Durum, Organic,AREA HARVESTED,ACRES,22038
USA,2008,Wheat,Wheat, Spring, Durum, Organic,OPERATIONS,OPERATIONS,40
USA,2008,Wheat,Wheat, Spring, Durum, Organic,OPERATIONS,OPERATIONS,39
USA,2008,Wheat,Wheat, Spring, Durum, Organic,OPERATIONS,OPERATIONS,1
USA,2008,Wheat,Wheat, Winter, Organic,AREA HARVESTED,ACRES,202968
USA,2008,Wheat,Wheat, Winter, Organic,AREA HARVESTED,ACRES,202848
USA,2008,Wheat,Wheat, Winter, Organic,AREA HARVESTED,ACRES,120
USA,2008,Wheat,Wheat, Winter, Organic,OPERATIONS,OPERATIONS,875
USA,2008,Wheat,Wheat, Winter, Organic,OPERATIONS,OPERATIONS,861
USA,2008,Wheat,Wheat, Winter, Organic,OPERATIONS,OPERATIONS,14
